DN,toy_altit
1,
2,
3,
4,
5,
6,
7,
8,721.0
9,615.0
10,
11,
12,
13,528.0
14,535.0
15,582.0
16,662.0
17,642.0
18,537.0
19,
20,
21,
22,677.0
23,608.0
24,579.0
25,586.0
26,605.0
27,710.0
28,669.0
29,566.0
30,565.0
31,
32,
33,
34,
35,659.0
36,703.0
37,693.0
38,663.0
39,690.0
40,678.0
41,714.0
42,684.0
43,647.0
44,575.0
45,
46,
47,
48,
49,
50,615.0
51,610.0
52,666.0
53,719.0
54,693.0
55,682.0
56,686.0
57,708.0
58,708.0
59,704.0
60,573.0
61,644.0
62,
63,
64,
65,
66,
67,528.0
68,547.0
69,580.0
70,600.0
71,629.0
72,691.0
73,653.0
74,689.0
75,679.0
76,722.0
77,723.0
78,734.0
79,605.0
80,608.0
81,714.0
82,
83,
84,
85,513.0
86,551.0
87,540.0
88,579.0
89,595.0
90,654.0
91,647.0
92,685.0
93,655.0
94,630.0
95,653.0
96,656.0
97,716.0
98,780.0
99,778.0
100,646.0
101,689.0
102,779.0
103,648.0
104,561.0
105,
106,
107,480.0
108,518.0
109,534.0
110,547.0
111,588.0
112,621.0
113,600.0
114,612.0
115,580.0
116,623.0
117,627.0
118,605.0
119,676.0
120,708.0
121,744.0
122,815.0
123,799.0
124,731.0
125,799.0
126,768.0
127,640.0
128,556.0
129,
130,
131,
132,
133,465.0
134,483.0
135,498.0
136,576.0
137,571.0
138,616.0
139,648.0
140,579.0
141,568.0
142,600.0
143,609.0
144,609.0
145,666.0
146,680.0
147,737.0
148,802.0
149,806.0
150,810.0
151,778.0
152,733.0
153,681.0
154,625.0
155,553.0
156,496.0
157,
158,
159,
160,
161,450.0
162,446.0
163,474.0
164,464.0
165,464.0
166,566.0
167,634.0
168,609.0
169,624.0
170,548.0
171,631.0
172,676.0
173,680.0
174,672.0
175,710.0
176,751.0
177,785.0
178,772.0
179,751.0
180,745.0
181,720.0
182,615.0
183,603.0
184,635.0
185,533.0
186,487.0
187,
188,
189,
190,
191,
192,
193,486.0
194,477.0
195,485.0
196,480.0
197,456.0
198,495.0
199,624.0
200,620.0
201,598.0
202,585.0
203,552.0
204,627.0
205,642.0
206,650.0
207,672.0
208,706.0
209,739.0
210,738.0
211,660.0
212,672.0
213,642.0
214,781.0
215,647.0
216,561.0
217,554.0
218,525.0
219,486.0
220,515.0
221,
222,
223,
224,
225,537.0
226,540.0
227,520.0
228,526.0
229,521.0
230,538.0
231,512.0
232,459.0
233,443.0
234,483.0
235,554.0
236,570.0
237,545.0
238,548.0
239,527.0
240,562.0
241,695.0
242,721.0
243,663.0
244,586.0
245,579.0
246,549.0
247,551.0
248,610.0
249,634.0
250,744.0
251,661.0
252,602.0
253,532.0
254,497.0
255,493.0
256,514.0
257,561.0
258,703.0
259,
260,
261,581.0
262,550.0
263,552.0
264,541.0
265,515.0
266,506.0
267,548.0
268,596.0
269,514.0
270,446.0
271,450.0
272,527.0
273,502.0
274,524.0
275,511.0
276,554.0
277,559.0
278,640.0
279,641.0
280,614.0
281,552.0
282,508.0
283,544.0
284,629.0
285,735.0
286,716.0
287,761.0
288,596.0
289,547.0
290,506.0
291,483.0
292,493.0
293,522.0
294,548.0
295,661.0
296,865.0
297,
298,
299,
300,551.0
301,557.0
302,544.0
303,542.0
304,525.0
305,521.0
306,548.0
307,559.0
308,579.0
309,547.0
310,471.0
311,458.0
312,519.0
313,480.0
314,496.0
315,504.0
316,489.0
317,497.0
318,529.0
319,583.0
320,560.0
321,504.0
322,521.0
323,569.0
324,686.0
325,786.0
326,752.0
327,750.0
328,606.0
329,523.0
330,504.0
331,475.0
332,514.0
333,617.0
334,572.0
335,680.0
336,864.0
337,
338,
339,
340,
341,594.0
342,559.0
343,549.0
344,511.0
345,527.0
346,516.0
347,526.0
348,513.0
349,545.0
350,522.0
351,535.0
352,509.0
353,471.0
354,463.0
355,506.0
356,466.0
357,488.0
358,481.0
359,487.0
360,515.0
361,540.0
362,619.0
363,527.0
364,485.0
365,534.0
366,635.0
367,693.0
368,766.0
369,751.0
370,713.0
371,586.0
372,516.0
373,489.0
374,467.0
375,523.0
376,636.0
377,583.0
378,665.0
379,775.0
380,954.0
381,
382,
383,
384,
385,
386,589.0
387,594.0
388,553.0
389,538.0
390,573.0
391,510.0
392,513.0
393,505.0
394,483.0
395,532.0
396,478.0
397,519.0
398,480.0
399,444.0
400,446.0
401,483.0
402,466.0
403,488.0
404,490.0
405,478.0
406,570.0
407,605.0
408,604.0
409,503.0
410,470.0
411,602.0
412,667.0
413,702.0
414,708.0
415,656.0
416,716.0
417,617.0
418,542.0
419,498.0
420,461.0
421,537.0
422,616.0
423,545.0
424,586.0
425,681.0
426,941.0
427,993.0
428,
429,
430,525.0
431,497.0
432,503.0
433,548.0
434,551.0
435,565.0
436,551.0
437,563.0
438,546.0
439,493.0
440,490.0
441,504.0
442,476.0
443,485.0
444,479.0
445,463.0
446,498.0
447,469.0
448,432.0
449,480.0
450,454.0
451,467.0
452,464.0
453,464.0
454,560.0
455,658.0
456,639.0
457,507.0
458,457.0
459,517.0
460,560.0
461,588.0
462,560.0
463,629.0
464,633.0
465,576.0
466,546.0
467,538.0
468,476.0
469,500.0
470,513.0
471,518.0
472,553.0
473,540.0
474,741.0
475,843.0
476,847.0
477,
478,545.0
479,525.0
480,495.0
481,494.0
482,513.0
483,535.0
484,565.0
485,561.0
486,583.0
487,554.0
488,565.0
489,497.0
490,472.0
491,454.0
492,461.0
493,488.0
494,505.0
495,506.0
496,497.0
497,447.0
498,460.0
499,448.0
500,480.0
501,458.0
502,455.0
503,613.0
504,689.0
505,676.0
506,533.0
507,452.0
508,483.0
509,485.0
510,497.0
511,575.0
512,695.0
513,687.0
514,685.0
515,587.0
516,527.0
517,473.0
518,576.0
519,500.0
520,491.0
521,494.0
522,518.0
523,689.0
524,692.0
525,651.0
526,697.0
527,
528,522.0
529,501.0
530,493.0
531,497.0
532,508.0
533,529.0
534,534.0
535,546.0
536,584.0
537,583.0
538,576.0
539,522.0
540,510.0
541,483.0
542,450.0
543,464.0
544,501.0
545,490.0
546,490.0
547,441.0
548,468.0
549,446.0
550,476.0
551,451.0
552,477.0
553,603.0
554,665.0
555,677.0
556,562.0
557,456.0
558,482.0
559,458.0
560,536.0
561,601.0
562,687.0
563,753.0
564,762.0
565,640.0
566,546.0
567,468.0
568,639.0
569,604.0
570,582.0
571,495.0
572,530.0
573,581.0
574,592.0
575,588.0
576,654.0
577,755.0
578,514.0
579,496.0
580,491.0
581,495.0
582,507.0
583,527.0
584,539.0
585,576.0
586,582.0
587,590.0
588,581.0
589,544.0
590,542.0
591,489.0
592,483.0
593,462.0
594,451.0
595,522.0
596,471.0
597,447.0
598,454.0
599,443.0
600,478.0
601,444.0
602,490.0
603,588.0
604,626.0
605,584.0
606,514.0
607,453.0
608,458.0
609,467.0
610,603.0
611,656.0
612,725.0
613,731.0
614,693.0
615,598.0
616,486.0
617,455.0
618,600.0
619,674.0
620,615.0
621,513.0
622,497.0
623,512.0
624,558.0
625,700.0
626,722.0
627,812.0
628,
629,514.0
630,496.0
631,490.0
632,501.0
633,515.0
634,525.0
635,561.0
636,556.0
637,584.0
638,600.0
639,581.0
640,548.0
641,539.0
642,517.0
643,518.0
644,454.0
645,439.0
646,509.0
647,475.0
648,445.0
649,456.0
650,453.0
651,466.0
652,440.0
653,498.0
654,557.0
655,551.0
656,512.0
657,473.0
658,437.0
659,451.0
660,472.0
661,592.0
662,656.0
663,713.0
664,660.0
665,607.0
666,628.0
667,494.0
668,452.0
669,557.0
670,669.0
671,603.0
672,506.0
673,507.0
674,557.0
675,643.0
676,812.0
677,883.0
678,889.0
679,1031.0
680,
681,602.0
682,520.0
683,490.0
684,520.0
685,544.0
686,577.0
687,513.0
688,571.0
689,648.0
690,598.0
691,613.0
692,641.0
693,624.0
694,569.0
695,516.0
696,452.0
697,454.0
698,495.0
699,519.0
700,481.0
701,428.0
702,436.0
703,454.0
704,462.0
705,471.0
706,524.0
707,456.0
708,451.0
709,426.0
710,434.0
711,445.0
712,453.0
713,581.0
714,575.0
715,633.0
716,552.0
717,609.0
718,506.0
719,481.0
720,462.0
721,523.0
722,545.0
723,528.0
724,510.0
725,538.0
726,612.0
727,692.0
728,784.0
729,852.0
730,957.0
731,1215.0
732,1286.0
733,591.0
734,531.0
735,489.0
736,527.0
737,531.0
738,588.0
739,521.0
740,580.0
741,639.0
742,630.0
743,624.0
744,618.0
745,584.0
746,560.0
747,553.0
748,457.0
749,453.0
750,504.0
751,557.0
752,490.0
753,432.0
754,445.0
755,465.0
756,503.0
757,505.0
758,556.0
759,471.0
760,428.0
761,434.0
762,443.0
763,440.0
764,455.0
765,564.0
766,547.0
767,528.0
768,592.0
769,527.0
770,453.0
771,449.0
772,474.0
773,529.0
774,534.0
775,542.0
776,540.0
777,505.0
778,595.0
779,632.0
780,671.0
781,724.0
782,803.0
783,1111.0
784,1251.0
785,572.0
786,506.0
787,488.0
788,498.0
789,509.0
790,591.0
791,509.0
792,553.0
793,627.0
794,645.0
795,613.0
796,612.0
797,561.0
798,546.0
799,581.0
800,457.0
801,458.0
802,548.0
803,567.0
804,505.0
805,450.0
806,450.0
807,502.0
808,532.0
809,563.0
810,606.0
811,477.0
812,418.0
813,446.0
814,439.0
815,430.0
816,453.0
817,566.0
818,524.0
819,473.0
820,562.0
821,456.0
822,437.0
823,441.0
824,517.0
825,570.0
826,548.0
827,568.0
828,600.0
829,512.0
830,571.0
831,570.0
832,607.0
833,661.0
834,719.0
835,1011.0
836,1150.0
837,538.0
838,500.0
839,487.0
840,496.0
841,503.0
842,542.0
843,505.0
844,524.0
845,580.0
846,633.0
847,598.0
848,555.0
849,535.0
850,572.0
851,573.0
852,486.0
853,448.0
854,553.0
855,516.0
856,466.0
857,426.0
858,444.0
859,483.0
860,501.0
861,596.0
862,531.0
863,443.0
864,410.0
865,416.0
866,425.0
867,433.0
868,471.0
869,499.0
870,460.0
871,494.0
872,470.0
873,434.0
874,435.0
875,460.0
876,580.0
877,597.0
878,588.0
879,611.0
880,601.0
881,524.0
882,537.0
883,567.0
884,583.0
885,617.0
886,683.0
887,960.0
888,999.0
889,530.0
890,534.0
891,490.0
892,488.0
893,503.0
894,507.0
895,497.0
896,508.0
897,540.0
898,599.0
899,583.0
900,538.0
901,557.0
902,613.0
903,605.0
904,461.0
905,433.0
906,508.0
907,480.0
908,442.0
909,416.0
910,437.0
911,447.0
912,473.0
913,576.0
914,481.0
915,426.0
916,405.0
917,413.0
918,412.0
919,423.0
920,459.0
921,450.0
922,470.0
923,552.0
924,432.0
925,436.0
926,452.0
927,525.0
928,648.0
929,678.0
930,669.0
931,634.0
932,546.0
933,556.0
934,533.0
935,556.0
936,570.0
937,614.0
938,691.0
939,844.0
940,846.0
941,500.0
942,531.0
943,496.0
944,485.0
945,492.0
946,494.0
947,503.0
948,544.0
949,596.0
950,602.0
951,512.0
952,509.0
953,547.0
954,602.0
955,582.0
956,465.0
957,437.0
958,528.0
959,487.0
960,428.0
961,454.0
962,460.0
963,461.0
964,488.0
965,506.0
966,481.0
967,422.0
968,403.0
969,430.0
970,440.0
971,417.0
972,416.0
973,419.0
974,422.0
975,436.0
976,540.0
977,457.0
978,526.0
979,553.0
980,546.0
981,629.0
982,663.0
983,577.0
984,560.0
985,609.0
986,557.0
987,537.0
988,542.0
989,581.0
990,588.0
991,731.0
992,858.0
993,494.0
994,515.0
995,489.0
996,484.0
997,485.0
998,512.0
999,518.0
1000,540.0
1001,581.0
1002,597.0
1003,501.0
1004,502.0
1005,584.0
1006,585.0
1007,559.0
1008,464.0
1009,428.0
1010,506.0
1011,477.0
1012,430.0
1013,474.0
1014,518.0
1015,507.0
1016,477.0
1017,484.0
1018,453.0
1019,421.0
1020,405.0
1021,429.0
1022,440.0
1023,422.0
1024,423.0
1025,441.0
1026,457.0
1027,526.0
1028,518.0
1029,469.0
1030,537.0
1031,656.0
1032,667.0
1033,689.0
1034,685.0
1035,620.0
1036,579.0
1037,581.0
1038,578.0
1039,554.0
1040,560.0
1041,551.0
1042,583.0
1043,705.0
1044,914.0
1045,488.0
1046,501.0
1047,484.0
1048,484.0
1049,489.0
1050,569.0
1051,570.0
1052,566.0
1053,573.0
1054,592.0
1055,498.0
1056,530.0
1057,550.0
1058,564.0
1059,519.0
1060,445.0
1061,408.0
1062,458.0
1063,419.0
1064,421.0
1065,466.0
1066,534.0
1067,555.0
1068,485.0
1069,467.0
1070,428.0
1071,423.0
1072,408.0
1073,420.0
1074,440.0
1075,436.0
1076,492.0
1077,573.0
1078,586.0
1079,627.0
1080,513.0
1081,486.0
1082,573.0
1083,689.0
1084,773.0
1085,756.0
1086,758.0
1087,634.0
1088,617.0
1089,599.0
1090,593.0
1091,590.0
1092,610.0
1093,609.0
1094,596.0
1095,730.0
1096,801.0
1097,489.0
1098,482.0
1099,483.0
1100,483.0
1101,513.0
1102,544.0
1103,569.0
1104,558.0
1105,568.0
1106,573.0
1107,513.0
1108,473.0
1109,533.0
1110,567.0
1111,481.0
1112,426.0
1113,404.0
1114,439.0
1115,419.0
1116,417.0
1117,455.0
1118,477.0
1119,495.0
1120,454.0
1121,464.0
1122,430.0
1123,406.0
1124,407.0
1125,419.0
1126,429.0
1127,452.0
1128,516.0
1129,654.0
1130,640.0
1131,618.0
1132,502.0
1133,507.0
1134,630.0
1135,733.0
1136,853.0
1137,866.0
1138,791.0
1139,726.0
1140,680.0
1141,701.0
1142,648.0
1143,697.0
1144,625.0
1145,709.0
1146,630.0
1147,867.0
1148,867.0
1149,483.0
1150,481.0
1151,482.0
1152,492.0
1153,504.0
1154,492.0
1155,560.0
1156,530.0
1157,550.0
1158,540.0
1159,499.0
1160,488.0
1161,557.0
1162,574.0
1163,482.0
1164,411.0
1165,400.0
1166,415.0
1167,414.0
1168,445.0
1169,439.0
1170,438.0
1171,433.0
1172,438.0
1173,437.0
1174,412.0
1175,399.0
1176,409.0
1177,427.0
1178,446.0
1179,461.0
1180,560.0
1181,637.0
1182,589.0
1183,594.0
1184,557.0
1185,523.0
1186,622.0
1187,780.0
1188,794.0
1189,897.0
1190,935.0
1191,843.0
1192,768.0
1193,750.0
1194,729.0
1195,799.0
1196,704.0
1197,689.0
1198,628.0
1199,827.0
1200,993.0
1201,494.0
1202,492.0
1203,496.0
1204,512.0
1205,494.0
1206,464.0
1207,487.0
1208,482.0
1209,527.0
1210,485.0
1211,462.0
1212,525.0
1213,559.0
1214,557.0
1215,477.0
1216,397.0
1217,397.0
1218,435.0
1219,417.0
1220,441.0
1221,412.0
1222,425.0
1223,458.0
1224,405.0
1225,391.0
1226,396.0
1227,400.0
1228,422.0
1229,438.0
1230,452.0
1231,486.0
1232,493.0
1233,544.0
1234,609.0
1235,559.0
1236,552.0
1237,546.0
1238,591.0
1239,656.0
1240,790.0
1241,1010.0
1242,1065.0
1243,881.0
1244,890.0
1245,911.0
1246,800.0
1247,972.0
1248,943.0
1249,793.0
1250,700.0
1251,1005.0
1252,1185.0
1253,518.0
1254,511.0
1255,513.0
1256,522.0
1257,499.0
1258,451.0
1259,461.0
1260,468.0
1261,493.0
1262,455.0
1263,514.0
1264,550.0
1265,526.0
1266,550.0
1267,513.0
1268,418.0
1269,399.0
1270,400.0
1271,397.0
1272,425.0
1273,408.0
1274,420.0
1275,425.0
1276,396.0
1277,389.0
1278,411.0
1279,417.0
1280,437.0
1281,466.0
1282,460.0
1283,473.0
1284,481.0
1285,577.0
1286,617.0
1287,529.0
1288,544.0
1289,537.0
1290,598.0
1291,740.0
1292,848.0
1293,1132.0
1294,1008.0
1295,801.0
1296,795.0
1297,922.0
1298,903.0
1299,997.0
1300,1004.0
1301,824.0
1302,722.0
1303,1061.0
1304,1275.0
1305,524.0
1306,514.0
1307,517.0
1308,528.0
1309,502.0
1310,477.0
1311,441.0
1312,461.0
1313,478.0
1314,443.0
1315,476.0
1316,494.0
1317,483.0
1318,541.0
1319,543.0
1320,461.0
1321,427.0
1322,411.0
1323,391.0
1324,391.0
1325,401.0
1326,407.0
1327,404.0
1328,390.0
1329,390.0
1330,420.0
1331,446.0
1332,453.0
1333,472.0
1334,450.0
1335,466.0
1336,478.0
1337,540.0
1338,578.0
1339,521.0
1340,598.0
1341,556.0
1342,598.0
1343,664.0
1344,801.0
1345,1089.0
1346,946.0
1347,791.0
1348,718.0
1349,781.0
1350,1064.0
1351,1121.0
1352,969.0
1353,815.0
1354,749.0
1355,1039.0
1356,1262.0
1357,505.0
1358,524.0
1359,538.0
1360,547.0
1361,533.0
1362,487.0
1363,438.0
1364,433.0
1365,447.0
1366,435.0
1367,429.0
1368,432.0
1369,469.0
1370,527.0
1371,549.0
1372,503.0
1373,502.0
1374,488.0
1375,419.0
1376,385.0
1377,393.0
1378,396.0
1379,392.0
1380,386.0
1381,404.0
1382,416.0
1383,425.0
1384,461.0
1385,459.0
1386,443.0
1387,460.0
1388,463.0
1389,509.0
1390,558.0
1391,510.0
1392,590.0
1393,563.0
1394,581.0
1395,668.0
1396,818.0
1397,964.0
1398,849.0
1399,749.0
1400,684.0
1401,788.0
1402,1153.0
1403,1216.0
1404,1000.0
1405,816.0
1406,828.0
1407,1148.0
1408,1268.0
1409,491.0
1410,511.0
1411,553.0
1412,568.0
1413,540.0
1414,495.0
1415,452.0
1416,434.0
1417,418.0
1418,426.0
1419,400.0
1420,452.0
1421,501.0
1422,489.0
1423,495.0
1424,472.0
1425,521.0
1426,519.0
1427,425.0
1428,384.0
1429,384.0
1430,389.0
1431,388.0
1432,417.0
1433,428.0
1434,458.0
1435,458.0
1436,474.0
1437,458.0
1438,437.0
1439,437.0
1440,449.0
1441,481.0
1442,490.0
1443,500.0
1444,550.0
1445,561.0
1446,586.0
1447,670.0
1448,814.0
1449,863.0
1450,776.0
1451,657.0
1452,680.0
1453,810.0
1454,1212.0
1455,1228.0
1456,1018.0
1457,859.0
1458,843.0
1459,1103.0
1460,1165.0
1461,498.0
1462,535.0
1463,538.0
1464,564.0
1465,569.0
1466,527.0
1467,458.0
1468,442.0
1469,429.0
1470,412.0
1471,399.0
1472,427.0
1473,442.0
1474,429.0
1475,435.0
1476,421.0
1477,432.0
1478,432.0
1479,406.0
1480,387.0
1481,379.0
1482,381.0
1483,382.0
1484,405.0
1485,436.0
1486,443.0
1487,422.0
1488,414.0
1489,412.0
1490,414.0
1491,463.0
1492,491.0
1493,550.0
1494,561.0
1495,539.0
1496,617.0
1497,677.0
1498,665.0
1499,747.0
1500,766.0
1501,629.0
1502,615.0
1503,671.0
1504,727.0
1505,836.0
1506,1147.0
1507,1246.0
1508,1128.0
1509,1106.0
1510,931.0
1511,1095.0
1512,1308.0
1513,508.0
1514,519.0
1515,555.0
1516,559.0
1517,568.0
1518,517.0
1519,473.0
1520,421.0
1521,416.0
1522,424.0
1523,391.0
1524,416.0
1525,424.0
1526,415.0
1527,432.0
1528,409.0
1529,417.0
1530,413.0
1531,397.0
1532,383.0
1533,378.0
1534,379.0
1535,383.0
1536,410.0
1537,437.0
1538,412.0
1539,402.0
1540,407.0
1541,413.0
1542,419.0
1543,455.0
1544,478.0
1545,533.0
1546,554.0
1547,525.0
1548,584.0
1549,644.0
1550,667.0
1551,724.0
1552,650.0
1553,589.0
1554,632.0
1555,785.0
1556,769.0
1557,812.0
1558,1124.0
1559,1111.0
1560,1134.0
1561,1223.0
1562,1055.0
1563,1113.0
1564,1389.0
1565,541.0
1566,534.0
1567,557.0
1568,551.0
1569,572.0
1570,524.0
1571,463.0
1572,429.0
1573,405.0
1574,410.0
1575,379.0
1576,412.0
1577,411.0
1578,408.0
1579,421.0
1580,402.0
1581,409.0
1582,404.0
1583,392.0
1584,378.0
1585,376.0
1586,378.0
1587,383.0
1588,394.0
1589,404.0
1590,399.0
1591,414.0
1592,421.0
1593,444.0
1594,475.0
1595,443.0
1596,465.0
1597,510.0
1598,541.0
1599,495.0
1600,534.0
1601,572.0
1602,598.0
1603,589.0
1604,562.0
1605,579.0
1606,693.0
1607,864.0
1608,898.0
1609,886.0
1610,1048.0
1611,1022.0
1612,1092.0
1613,1136.0
1614,1128.0
1615,1208.0
1616,1383.0
1617,555.0
1618,561.0
1619,558.0
1620,541.0
1621,562.0
1622,508.0
1623,468.0
1624,416.0
1625,408.0
1626,389.0
1627,375.0
1628,396.0
1629,402.0
1630,404.0
1631,423.0
1632,394.0
1633,406.0
1634,395.0
1635,386.0
1636,375.0
1637,375.0
1638,378.0
1639,382.0
1640,386.0
1641,389.0
1642,415.0
1643,447.0
1644,455.0
1645,468.0
1646,493.0
1647,449.0
1648,449.0
1649,476.0
1650,500.0
1651,486.0
1652,508.0
1653,518.0
1654,549.0
1655,598.0
1656,576.0
1657,599.0
1658,724.0
1659,952.0
1660,1055.0
1661,1016.0
1662,1114.0
1663,1021.0
1664,1021.0
1665,1121.0
1666,1195.0
1667,1345.0
1668,1287.0
1669,549.0
1670,556.0
1671,544.0
1672,520.0
1673,549.0
1674,456.0
1675,449.0
1676,428.0
1677,413.0
1678,390.0
1679,372.0
1680,382.0
1681,388.0
1682,397.0
1683,415.0
1684,391.0
1685,392.0
1686,387.0
1687,380.0
1688,372.0
1689,376.0
1690,382.0
1691,394.0
1692,406.0
1693,421.0
1694,463.0
1695,485.0
1696,498.0
1697,511.0
1698,495.0
1699,473.0
1700,471.0
1701,479.0
1702,507.0
1703,529.0
1704,524.0
1705,542.0
1706,610.0
1707,641.0
1708,593.0
1709,608.0
1710,728.0
1711,903.0
1712,1076.0
1713,1170.0
1714,1181.0
1715,1017.0
1716,1050.0
1717,1194.0
1718,1120.0
1719,1212.0
1720,
1721,515.0
1722,526.0
1723,483.0
1724,492.0
1725,555.0
1726,445.0
1727,400.0
1728,383.0
1729,378.0
1730,373.0
1731,369.0
1732,367.0
1733,370.0
1734,375.0
1735,396.0
1736,399.0
1737,385.0
1738,374.0
1739,370.0
1740,371.0
1741,382.0
1742,406.0
1743,412.0
1744,425.0
1745,448.0
1746,491.0
1747,480.0
1748,464.0
1749,479.0
1750,506.0
1751,534.0
1752,560.0
1753,555.0
1754,550.0
1755,565.0
1756,602.0
1757,551.0
1758,611.0
1759,708.0
1760,722.0
1761,760.0
1762,678.0
1763,785.0
1764,929.0
1765,1208.0
1766,1151.0
1767,969.0
1768,1088.0
1769,1108.0
1770,960.0
1771,1314.0
1772,
1773,511.0
1774,506.0
1775,450.0
1776,464.0
1777,525.0
1778,444.0
1779,401.0
1780,381.0
1781,377.0
1782,373.0
1783,369.0
1784,367.0
1785,368.0
1786,375.0
1787,394.0
1788,391.0
1789,378.0
1790,371.0
1791,369.0
1792,371.0
1793,392.0
1794,417.0
1795,433.0
1796,443.0
1797,473.0
1798,461.0
1799,460.0
1800,450.0
1801,461.0
1802,460.0
1803,504.0
1804,531.0
1805,568.0
1806,573.0
1807,567.0
1808,677.0
1809,575.0
1810,651.0
1811,733.0
1812,783.0
1813,854.0
1814,745.0
1815,809.0
1816,954.0
1817,1037.0
1818,1148.0
1819,931.0
1820,1009.0
1821,937.0
1822,984.0
1823,1403.0
1824,
1825,
1826,468.0
1827,432.0
1828,441.0
1829,511.0
1830,442.0
1831,415.0
1832,384.0
1833,373.0
1834,374.0
1835,370.0
1836,368.0
1837,369.0
1838,370.0
1839,388.0
1840,381.0
1841,373.0
1842,369.0
1843,368.0
1844,370.0
1845,393.0
1846,413.0
1847,448.0
1848,446.0
1849,489.0
1850,448.0
1851,452.0
1852,436.0
1853,437.0
1854,457.0
1855,490.0
1856,510.0
1857,559.0
1858,541.0
1859,539.0
1860,730.0
1861,622.0
1862,649.0
1863,772.0
1864,867.0
1865,940.0
1866,839.0
1867,963.0
1868,990.0
1869,915.0
1870,1030.0
1871,887.0
1872,875.0
1873,952.0
1874,1056.0
1875,1390.0
1876,
1877,
1878,436.0
1879,432.0
1880,436.0
1881,503.0
1882,457.0
1883,427.0
1884,388.0
1885,390.0
1886,380.0
1887,370.0
1888,368.0
1889,368.0
1890,368.0
1891,381.0
1892,373.0
1893,368.0
1894,367.0
1895,367.0
1896,370.0
1897,387.0
1898,405.0
1899,417.0
1900,423.0
1901,456.0
1902,430.0
1903,438.0
1904,430.0
1905,445.0
1906,450.0
1907,464.0
1908,480.0
1909,518.0
1910,510.0
1911,572.0
1912,689.0
1913,666.0
1914,709.0
1915,751.0
1916,856.0
1917,1039.0
1918,951.0
1919,970.0
1920,907.0
1921,798.0
1922,939.0
1923,856.0
1924,1004.0
1925,1089.0
1926,1109.0
1927,1371.0
1928,
1929,
1930,452.0
1931,419.0
1932,445.0
1933,504.0
1934,452.0
1935,416.0
1936,391.0
1937,412.0
1938,404.0
1939,376.0
1940,382.0
1941,377.0
1942,367.0
1943,371.0
1944,377.0
1945,367.0
1946,367.0
1947,375.0
1948,389.0
1949,396.0
1950,392.0
1951,407.0
1952,446.0
1953,465.0
1954,427.0
1955,427.0
1956,440.0
1957,469.0
1958,473.0
1959,478.0
1960,480.0
1961,492.0
1962,520.0
1963,576.0
1964,736.0
1965,772.0
1966,755.0
1967,830.0
1968,927.0
1969,997.0
1970,868.0
1971,884.0
1972,913.0
1973,746.0
1974,929.0
1975,856.0
1976,1023.0
1977,1153.0
1978,1208.0
1979,1342.0
1980,
1981,
1982,445.0
1983,424.0
1984,413.0
1985,449.0
1986,453.0
1987,423.0
1988,399.0
1989,416.0
1990,404.0
1991,408.0
1992,394.0
1993,378.0
1994,396.0
1995,403.0
1996,382.0
1997,390.0
1998,380.0
1999,386.0
2000,397.0
2001,412.0
2002,422.0
2003,434.0
2004,437.0
2005,446.0
2006,425.0
2007,435.0
2008,457.0
2009,431.0
2010,440.0
2011,465.0
2012,481.0
2013,511.0
2014,533.0
2015,584.0
2016,804.0
2017,800.0
2018,708.0
2019,659.0
2020,773.0
2021,804.0
2022,776.0
2023,733.0
2024,770.0
2025,684.0
2026,818.0
2027,975.0
2028,1052.0
2029,1170.0
2030,1113.0
2031,1229.0
2032,
2033,
2034,436.0
2035,416.0
2036,413.0
2037,452.0
2038,464.0
2039,420.0
2040,399.0
2041,421.0
2042,412.0
2043,404.0
2044,392.0
2045,385.0
2046,411.0
2047,408.0
2048,378.0
2049,401.0
2050,393.0
2051,399.0
2052,397.0
2053,418.0
2054,418.0
2055,413.0
2056,422.0
2057,432.0
2058,434.0
2059,415.0
2060,422.0
2061,428.0
2062,446.0
2063,498.0
2064,493.0
2065,521.0
2066,531.0
2067,581.0
2068,784.0
2069,745.0
2070,611.0
2071,616.0
2072,645.0
2073,693.0
2074,666.0
2075,665.0
2076,641.0
2077,688.0
2078,823.0
2079,877.0
2080,1009.0
2081,1089.0
2082,1056.0
2083,1289.0
2084,
2085,
2086,452.0
2087,421.0
2088,410.0
2089,421.0
2090,446.0
2091,405.0
2092,429.0
2093,440.0
2094,419.0
2095,393.0
2096,390.0
2097,396.0
2098,413.0
2099,402.0
2100,382.0
2101,384.0
2102,401.0
2103,407.0
2104,409.0
2105,425.0
2106,414.0
2107,403.0
2108,420.0
2109,414.0
2110,418.0
2111,432.0
2112,441.0
2113,458.0
2114,457.0
2115,488.0
2116,505.0
2117,511.0
2118,539.0
2119,633.0
2120,759.0
2121,689.0
2122,564.0
2123,589.0
2124,562.0
2125,737.0
2126,630.0
2127,604.0
2128,669.0
2129,755.0
2130,785.0
2131,872.0
2132,999.0
2133,1095.0
2134,1076.0
2135,1251.0
2136,
2137,
2138,429.0
2139,436.0
2140,410.0
2141,404.0
2142,430.0
2143,406.0
2144,463.0
2145,443.0
2146,411.0
2147,393.0
2148,388.0
2149,402.0
2150,407.0
2151,398.0
2152,382.0
2153,372.0
2154,378.0
2155,393.0
2156,409.0
2157,423.0
2158,407.0
2159,398.0
2160,400.0
2161,393.0
2162,423.0
2163,440.0
2164,446.0
2165,469.0
2166,474.0
2167,478.0
2168,486.0
2169,499.0
2170,563.0
2171,674.0
2172,662.0
2173,577.0
2174,532.0
2175,533.0
2176,590.0
2177,728.0
2178,606.0
2179,631.0
2180,725.0
2181,722.0
2182,845.0
2183,797.0
2184,949.0
2185,983.0
2186,1001.0
2187,1193.0
2188,
2189,
2190,415.0
2191,413.0
2192,405.0
2193,404.0
2194,418.0
2195,403.0
2196,478.0
2197,453.0
2198,430.0
2199,411.0
2200,395.0
2201,400.0
2202,401.0
2203,394.0
2204,371.0
2205,378.0
2206,378.0
2207,384.0
2208,404.0
2209,427.0
2210,415.0
2211,401.0
2212,385.0
2213,397.0
2214,450.0
2215,470.0
2216,466.0
2217,461.0
2218,451.0
2219,462.0
2220,483.0
2221,495.0
2222,593.0
2223,690.0
2224,595.0
2225,518.0
2226,502.0
2227,512.0
2228,570.0
2229,621.0
2230,564.0
2231,629.0
2232,639.0
2233,767.0
2234,928.0
2235,762.0
2236,822.0
2237,926.0
2238,988.0
2239,1127.0
2240,
2241,453.0
2242,466.0
2243,434.0
2244,409.0
2245,401.0
2246,449.0
2247,447.0
2248,413.0
2249,405.0
2250,406.0
2251,405.0
2252,414.0
2253,405.0
2254,403.0
2255,369.0
2256,373.0
2257,383.0
2258,399.0
2259,412.0
2260,411.0
2261,413.0
2262,395.0
2263,392.0
2264,382.0
2265,465.0
2266,458.0
2267,482.0
2268,454.0
2269,430.0
2270,452.0
2271,476.0
2272,487.0
2273,525.0
2274,525.0
2275,488.0
2276,474.0
2277,478.0
2278,492.0
2279,594.0
2280,534.0
2281,554.0
2282,610.0
2283,677.0
2284,811.0
2285,798.0
2286,776.0
2287,919.0
2288,1109.0
2289,990.0
2290,1163.0
2291,
2292,479.0
2293,457.0
2294,435.0
2295,412.0
2296,446.0
2297,460.0
2298,431.0
2299,412.0
2300,410.0
2301,427.0
2302,416.0
2303,408.0
2304,415.0
2305,402.0
2306,378.0
2307,371.0
2308,369.0
2309,384.0
2310,408.0
2311,408.0
2312,408.0
2313,388.0
2314,376.0
2315,382.0
2316,458.0
2317,445.0
2318,502.0
2319,454.0
2320,439.0
2321,447.0
2322,429.0
2323,435.0
2324,460.0
2325,472.0
2326,459.0
2327,472.0
2328,475.0
2329,523.0
2330,582.0
2331,530.0
2332,604.0
2333,703.0
2334,748.0
2335,823.0
2336,735.0
2337,771.0
2338,897.0
2339,1105.0
2340,958.0
2341,1130.0
2342,
2343,470.0
2344,428.0
2345,423.0
2346,411.0
2347,482.0
2348,482.0
2349,457.0
2350,416.0
2351,423.0
2352,437.0
2353,424.0
2354,406.0
2355,414.0
2356,404.0
2357,391.0
2358,389.0
2359,375.0
2360,371.0
2361,396.0
2362,408.0
2363,397.0
2364,387.0
2365,381.0
2366,396.0
2367,420.0
2368,422.0
2369,453.0
2370,431.0
2371,444.0
2372,429.0
2373,410.0
2374,422.0
2375,424.0
2376,445.0
2377,451.0
2378,462.0
2379,483.0
2380,527.0
2381,512.0
2382,586.0
2383,613.0
2384,792.0
2385,979.0
2386,1012.0
2387,781.0
2388,752.0
2389,916.0
2390,1143.0
2391,942.0
2392,1063.0
2393,
2394,468.0
2395,445.0
2396,423.0
2397,410.0
2398,477.0
2399,509.0
2400,454.0
2401,419.0
2402,420.0
2403,448.0
2404,430.0
2405,411.0
2406,415.0
2407,413.0
2408,396.0
2409,388.0
2410,375.0
2411,366.0
2412,384.0
2413,409.0
2414,393.0
2415,385.0
2416,373.0
2417,382.0
2418,395.0
2419,415.0
2420,417.0
2421,402.0
2422,423.0
2423,407.0
2424,414.0
2425,444.0
2426,458.0
2427,451.0
2428,458.0
2429,493.0
2430,509.0
2431,498.0
2432,497.0
2433,678.0
2434,657.0
2435,795.0
2436,1032.0
2437,990.0
2438,701.0
2439,783.0
2440,968.0
2441,1219.0
2442,1060.0
2443,941.0
2444,
2445,482.0
2446,446.0
2447,424.0
2448,408.0
2449,477.0
2450,526.0
2451,444.0
2452,420.0
2453,420.0
2454,448.0
2455,431.0
2456,416.0
2457,409.0
2458,419.0
2459,406.0
2460,396.0
2461,377.0
2462,364.0
2463,372.0
2464,398.0
2465,399.0
2466,385.0
2467,373.0
2468,373.0
2469,400.0
2470,410.0
2471,406.0
2472,397.0
2473,404.0
2474,414.0
2475,452.0
2476,477.0
2477,500.0
2478,470.0
2479,489.0
2480,499.0
2481,490.0
2482,487.0
2483,538.0
2484,764.0
2485,743.0
2486,777.0
2487,949.0
2488,817.0
2489,688.0
2490,826.0
2491,1063.0
2492,1245.0
2493,1151.0
2494,808.0
2495,
2496,
2497,409.0
2498,428.0
2499,490.0
2500,468.0
2501,429.0
2502,434.0
2503,428.0
2504,425.0
2505,430.0
2506,430.0
2507,423.0
2508,419.0
2509,390.0
2510,396.0
2511,389.0
2512,374.0
2513,365.0
2514,392.0
2515,381.0
2516,383.0
2517,370.0
2518,374.0
2519,382.0
2520,389.0
2521,385.0
2522,381.0
2523,399.0
2524,429.0
2525,463.0
2526,476.0
2527,503.0
2528,458.0
2529,450.0
2530,460.0
2531,481.0
2532,501.0
2533,570.0
2534,710.0
2535,858.0
2536,891.0
2537,972.0
2538,830.0
2539,643.0
2540,760.0
2541,880.0
2542,1087.0
2543,1179.0
2544,856.0
2545,
2546,445.0
2547,443.0
2548,426.0
2549,422.0
2550,429.0
2551,442.0
2552,438.0
2553,440.0
2554,442.0
2555,431.0
2556,425.0
2557,389.0
2558,384.0
2559,392.0
2560,364.0
2561,377.0
2562,386.0
2563,388.0
2564,369.0
2565,364.0
2566,369.0
2567,373.0
2568,376.0
2569,377.0
2570,378.0
2571,398.0
2572,416.0
2573,430.0
2574,466.0
2575,466.0
2576,436.0
2577,462.0
2578,486.0
2579,469.0
2580,499.0
2581,557.0
2582,759.0
2583,872.0
2584,780.0
2585,885.0
2586,873.0
2587,706.0
2588,906.0
2589,1021.0
2590,1074.0
2591,1146.0
2592,848.0
2593,
2594,432.0
2595,451.0
2596,434.0
2597,469.0
2598,457.0
2599,442.0
2600,452.0
2601,450.0
2602,427.0
2603,426.0
2604,400.0
2605,377.0
2606,385.0
2607,368.0
2608,392.0
2609,386.0
2610,382.0
2611,364.0
2612,363.0
2613,364.0
2614,369.0
2615,371.0
2616,374.0
2617,378.0
2618,383.0
2619,404.0
2620,415.0
2621,459.0
2622,436.0
2623,431.0
2624,482.0
2625,463.0
2626,469.0
2627,492.0
2628,568.0
2629,762.0
2630,884.0
2631,718.0
2632,743.0
2633,798.0
2634,848.0
2635,966.0
2636,915.0
2637,1025.0
2638,1013.0
2639,1015.0
2640,
2641,465.0
2642,496.0
2643,520.0
2644,464.0
2645,435.0
2646,459.0
2647,452.0
2648,436.0
2649,432.0
2650,401.0
2651,384.0
2652,366.0
2653,380.0
2654,394.0
2655,385.0
2656,374.0
2657,361.0
2658,363.0
2659,365.0
2660,374.0
2661,381.0
2662,380.0
2663,381.0
2664,383.0
2665,418.0
2666,428.0
2667,440.0
2668,427.0
2669,448.0
2670,473.0
2671,450.0
2672,472.0
2673,508.0
2674,565.0
2675,803.0
2676,867.0
2677,702.0
2678,601.0
2679,608.0
2680,935.0
2681,848.0
2682,835.0
2683,960.0
2684,858.0
2685,1064.0
2686,504.0
2687,508.0
2688,465.0
2689,445.0
2690,444.0
2691,461.0
2692,444.0
2693,431.0
2694,391.0
2695,376.0
2696,364.0
2697,382.0
2698,389.0
2699,375.0
2700,368.0
2701,360.0
2702,368.0
2703,378.0
2704,399.0
2705,399.0
2706,389.0
2707,386.0
2708,387.0
2709,420.0
2710,425.0
2711,413.0
2712,447.0
2713,441.0
2714,436.0
2715,438.0
2716,465.0
2717,494.0
2718,540.0
2719,784.0
2720,823.0
2721,687.0
2722,622.0
2723,604.0
2724,934.0
2725,750.0
2726,783.0
2727,941.0
2728,821.0
2729,
2730,
2731,479.0
2732,479.0
2733,453.0
2734,417.0
2735,412.0
2736,390.0
2737,407.0
2738,382.0
2739,367.0
2740,374.0
2741,368.0
2742,368.0
2743,377.0
2744,389.0
2745,399.0
2746,393.0
2747,408.0
2748,409.0
2749,407.0
2750,399.0
2751,401.0
2752,413.0
2753,408.0
2754,413.0
2755,430.0
2756,467.0
2757,459.0
2758,466.0
2759,498.0
2760,520.0
2761,633.0
2762,779.0
2763,819.0
2764,669.0
2765,630.0
2766,681.0
2767,833.0
2768,906.0
2769,827.0
2770,
2771,500.0
2772,493.0
2773,458.0
2774,427.0
2775,407.0
2776,405.0
2777,416.0
2778,396.0
2779,380.0
2780,367.0
2781,364.0
2782,377.0
2783,389.0
2784,395.0
2785,401.0
2786,385.0
2787,396.0
2788,409.0
2789,413.0
2790,411.0
2791,413.0
2792,425.0
2793,433.0
2794,431.0
2795,461.0
2796,459.0
2797,480.0
2798,486.0
2799,507.0
2800,595.0
2801,721.0
2802,880.0
2803,936.0
2804,728.0
2805,569.0
2806,642.0
2807,770.0
2808,
2809,
2810,453.0
2811,441.0
2812,440.0
2813,422.0
2814,408.0
2815,406.0
2816,395.0
2817,381.0
2818,368.0
2819,360.0
2820,377.0
2821,394.0
2822,397.0
2823,397.0
2824,396.0
2825,404.0
2826,408.0
2827,412.0
2828,416.0
2829,437.0
2830,448.0
2831,463.0
2832,448.0
2833,461.0
2834,466.0
2835,519.0
2836,549.0
2837,561.0
2838,670.0
2839,753.0
2840,893.0
2841,936.0
2842,814.0
2843,624.0
2844,599.0
2845,440.0
2846,419.0
2847,416.0
2848,404.0
2849,400.0
2850,384.0
2851,395.0
2852,363.0
2853,367.0
2854,390.0
2855,385.0
2856,385.0
2857,389.0
2858,392.0
2859,408.0
2860,404.0
2861,400.0
2862,407.0
2863,438.0
2864,452.0
2865,476.0
2866,475.0
2867,475.0
2868,507.0
2869,564.0
2870,584.0
2871,576.0
2872,608.0
2873,693.0
2874,763.0
2875,845.0
2876,864.0
2877,708.0
2878,
2879,423.0
2880,403.0
2881,408.0
2882,385.0
2883,391.0
2884,371.0
2885,368.0
2886,385.0
2887,373.0
2888,387.0
2889,371.0
2890,387.0
2891,397.0
2892,391.0
2893,391.0
2894,400.0
2895,448.0
2896,470.0
2897,462.0
2898,481.0
2899,466.0
2900,505.0
2901,567.0
2902,528.0
2903,509.0
2904,585.0
2905,610.0
2906,662.0
2907,700.0
2908,841.0
2909,
2910,397.0
2911,384.0
2912,373.0
2913,365.0
2914,397.0
2915,359.0
2916,361.0
2917,367.0
2918,362.0
2919,365.0
2920,383.0
2921,400.0
2922,404.0
2923,414.0
2924,413.0
2925,429.0
2926,445.0
2927,467.0
2928,503.0
2929,468.0
2930,449.0
2931,482.0
2932,547.0
2933,530.0
2934,497.0
2935,504.0
2936,546.0
2937,
2938,
2939,367.0
2940,356.0
2941,361.0
2942,360.0
2943,370.0
2944,377.0
2945,370.0
2946,385.0
2947,389.0
2948,407.0
2949,406.0
2950,400.0
2951,404.0
2952,466.0
2953,460.0
2954,458.0
2955,493.0
2956,492.0
2957,440.0
2958,459.0
2959,487.0
2960,467.0
2961,463.0
2962,530.0
2963,
2964,
2965,362.0
2966,364.0
2967,359.0
2968,384.0
2969,383.0
2970,384.0
2971,380.0
2972,404.0
2973,397.0
2974,394.0
2975,406.0
2976,412.0
2977,437.0
2978,453.0
2979,475.0
2980,484.0
2981,452.0
2982,421.0
2983,423.0
2984,434.0
2985,452.0
2986,516.0
2987,
2988,
2989,382.0
2990,385.0
2991,398.0
2992,394.0
2993,394.0
2994,389.0
2995,399.0
2996,385.0
2997,396.0
2998,401.0
2999,411.0
3000,452.0
3001,472.0
3002,464.0
3003,462.0
3004,416.0
3005,433.0
3006,464.0
3007,491.0
3008,497.0
3009,
3010,387.0
3011,403.0
3012,406.0
3013,406.0
3014,404.0
3015,387.0
3016,393.0
3017,415.0
3018,421.0
3019,420.0
3020,444.0
3021,446.0
3022,446.0
3023,442.0
3024,407.0
3025,433.0
3026,445.0
3027,494.0
3028,
3029,390.0
3030,392.0
3031,391.0
3032,400.0
3033,411.0
3034,419.0
3035,432.0
3036,428.0
3037,437.0
3038,431.0
3039,418.0
3040,414.0
3041,399.0
3042,431.0
3043,
3044,
3045,379.0
3046,375.0
3047,415.0
3048,421.0
3049,430.0
3050,428.0
3051,416.0
3052,425.0
3053,408.0
3054,399.0
3055,392.0
3056,387.0
3057,
3058,
3059,
3060,396.0
3061,422.0
3062,424.0
3063,414.0
3064,401.0
3065,419.0
3066,394.0
3067,383.0
3068,398.0
3069,400.0
3070,418.0
3071,431.0
3072,410.0
3073,395.0
3074,391.0
3075,402.0
3076,379.0
3077,390.0
3078,413.0
3079,395.0
3080,382.0
3081,385.0
3082,384.0
3083,375.0
3084,
3085,
3086,377.0
3087,
3088,
3089,
