DN,Y
1,43.8257568717
2,43.8357568717
3,43.8457568717
4,43.8557568717
5,43.8157568717
6,43.8257568717
7,43.8357568717
8,43.8457568717
9,43.8557568717
10,43.8657568717
11,43.7957568717
12,43.8057568717
13,43.8157568717
14,43.8257568717
15,43.8357568717
16,43.8457568717
17,43.8557568717
18,43.8657568717
19,43.8757568717
20,43.7757568717
21,43.7857568717
22,43.7957568717
23,43.8057568717
24,43.8157568717
25,43.8257568717
26,43.8357568717
27,43.8457568717
28,43.8557568717
29,43.8657568717
30,43.8757568717
31,43.8857568717
32,43.7557568717
33,43.7657568717
34,43.7757568717
35,43.7857568717
36,43.7957568717
37,43.8057568717
38,43.8157568717
39,43.8257568717
40,43.8357568717
41,43.8457568717
42,43.8557568717
43,43.8657568717
44,43.8757568717
45,43.8857568717
46,43.7357568717
47,43.7457568717
48,43.7557568717
49,43.7657568717
50,43.7757568717
51,43.7857568717
52,43.7957568717
53,43.8057568717
54,43.8157568717
55,43.8257568717
56,43.8357568717
57,43.8457568717
58,43.8557568717
59,43.8657568717
60,43.8757568717
61,43.8857568717
62,43.8957568717
63,43.7157568717
64,43.7257568717
65,43.7357568717
66,43.7457568717
67,43.7557568717
68,43.7657568717
69,43.7757568717
70,43.7857568717
71,43.7957568717
72,43.8057568717
73,43.8157568717
74,43.8257568717
75,43.8357568717
76,43.8457568717
77,43.8557568717
78,43.8657568717
79,43.8757568717
80,43.8857568717
81,43.8957568717
82,43.9057568717
83,43.7057568717
84,43.7157568717
85,43.7257568717
86,43.7357568717
87,43.7457568717
88,43.7557568717
89,43.7657568717
90,43.7757568717
91,43.7857568717
92,43.7957568717
93,43.8057568717
94,43.8157568717
95,43.8257568717
96,43.8357568717
97,43.8457568717
98,43.8557568717
99,43.8657568717
100,43.8757568717
101,43.8857568717
102,43.8957568717
103,43.9057568717
104,43.9157568717
105,43.6857568717
106,43.6957568717
107,43.7057568717
108,43.7157568717
109,43.7257568717
110,43.7357568717
111,43.7457568717
112,43.7557568717
113,43.7657568717
114,43.7757568717
115,43.7857568717
116,43.7957568717
117,43.8057568717
118,43.8157568717
119,43.8257568717
120,43.8357568717
121,43.8457568717
122,43.8557568717
123,43.8657568717
124,43.8757568717
125,43.8857568717
126,43.8957568717
127,43.9057568717
128,43.9157568717
129,43.9257568717
130,43.6657568717
131,43.6757568717
132,43.6857568717
133,43.6957568717
134,43.7057568717
135,43.7157568717
136,43.7257568717
137,43.7357568717
138,43.7457568717
139,43.7557568717
140,43.7657568717
141,43.7757568717
142,43.7857568717
143,43.7957568717
144,43.8057568717
145,43.8157568717
146,43.8257568717
147,43.8357568717
148,43.8457568717
149,43.8557568717
150,43.8657568717
151,43.8757568717
152,43.8857568717
153,43.8957568717
154,43.9057568717
155,43.9157568717
156,43.9257568717
157,43.9357568717
158,43.6457568717
159,43.6557568717
160,43.6657568717
161,43.6757568717
162,43.6857568717
163,43.6957568717
164,43.7057568717
165,43.7157568717
166,43.7257568717
167,43.7357568717
168,43.7457568717
169,43.7557568717
170,43.7657568717
171,43.7757568717
172,43.7857568717
173,43.7957568717
174,43.8057568717
175,43.8157568717
176,43.8257568717
177,43.8357568717
178,43.8457568717
179,43.8557568717
180,43.8657568717
181,43.8757568717
182,43.8857568717
183,43.8957568717
184,43.9057568717
185,43.9157568717
186,43.9257568717
187,43.9357568717
188,43.9457568717
189,43.6257568717
190,43.6357568717
191,43.6457568717
192,43.6557568717
193,43.6657568717
194,43.6757568717
195,43.6857568717
196,43.6957568717
197,43.7057568717
198,43.7157568717
199,43.7257568717
200,43.7357568717
201,43.7457568717
202,43.7557568717
203,43.7657568717
204,43.7757568717
205,43.7857568717
206,43.7957568717
207,43.8057568717
208,43.8157568717
209,43.8257568717
210,43.8357568717
211,43.8457568717
212,43.8557568717
213,43.8657568717
214,43.8757568717
215,43.8857568717
216,43.8957568717
217,43.9057568717
218,43.9157568717
219,43.9257568717
220,43.9357568717
221,43.9457568717
222,43.9557568717
223,43.6057568717
224,43.6157568717
225,43.6257568717
226,43.6357568717
227,43.6457568717
228,43.6557568717
229,43.6657568717
230,43.6757568717
231,43.6857568717
232,43.6957568717
233,43.7057568717
234,43.7157568717
235,43.7257568717
236,43.7357568717
237,43.7457568717
238,43.7557568717
239,43.7657568717
240,43.7757568717
241,43.7857568717
242,43.7957568717
243,43.8057568717
244,43.8157568717
245,43.8257568717
246,43.8357568717
247,43.8457568717
248,43.8557568717
249,43.8657568717
250,43.8757568717
251,43.8857568717
252,43.8957568717
253,43.9057568717
254,43.9157568717
255,43.9257568717
256,43.9357568717
257,43.9457568717
258,43.9557568717
259,43.5957568717
260,43.6057568717
261,43.6157568717
262,43.6257568717
263,43.6357568717
264,43.6457568717
265,43.6557568717
266,43.6657568717
267,43.6757568717
268,43.6857568717
269,43.6957568717
270,43.7057568717
271,43.7157568717
272,43.7257568717
273,43.7357568717
274,43.7457568717
275,43.7557568717
276,43.7657568717
277,43.7757568717
278,43.7857568717
279,43.7957568717
280,43.8057568717
281,43.8157568717
282,43.8257568717
283,43.8357568717
284,43.8457568717
285,43.8557568717
286,43.8657568717
287,43.8757568717
288,43.8857568717
289,43.8957568717
290,43.9057568717
291,43.9157568717
292,43.9257568717
293,43.9357568717
294,43.9457568717
295,43.9557568717
296,43.9657568717
297,43.5757568717
298,43.5857568717
299,43.5957568717
300,43.6057568717
301,43.6157568717
302,43.6257568717
303,43.6357568717
304,43.6457568717
305,43.6557568717
306,43.6657568717
307,43.6757568717
308,43.6857568717
309,43.6957568717
310,43.7057568717
311,43.7157568717
312,43.7257568717
313,43.7357568717
314,43.7457568717
315,43.7557568717
316,43.7657568717
317,43.7757568717
318,43.7857568717
319,43.7957568717
320,43.8057568717
321,43.8157568717
322,43.8257568717
323,43.8357568717
324,43.8457568717
325,43.8557568717
326,43.8657568717
327,43.8757568717
328,43.8857568717
329,43.8957568717
330,43.9057568717
331,43.9157568717
332,43.9257568717
333,43.9357568717
334,43.9457568717
335,43.9557568717
336,43.9657568717
337,43.9757568717
338,43.5557568717
339,43.5657568717
340,43.5757568717
341,43.5857568717
342,43.5957568717
343,43.6057568717
344,43.6157568717
345,43.6257568717
346,43.6357568717
347,43.6457568717
348,43.6557568717
349,43.6657568717
350,43.6757568717
351,43.6857568717
352,43.6957568717
353,43.7057568717
354,43.7157568717
355,43.7257568717
356,43.7357568717
357,43.7457568717
358,43.7557568717
359,43.7657568717
360,43.7757568717
361,43.7857568717
362,43.7957568717
363,43.8057568717
364,43.8157568717
365,43.8257568717
366,43.8357568717
367,43.8457568717
368,43.8557568717
369,43.8657568717
370,43.8757568717
371,43.8857568717
372,43.8957568717
373,43.9057568717
374,43.9157568717
375,43.9257568717
376,43.9357568717
377,43.9457568717
378,43.9557568717
379,43.9657568717
380,43.9757568717
381,43.9857568717
382,43.5357568717
383,43.5457568717
384,43.5557568717
385,43.5657568717
386,43.5757568717
387,43.5857568717
388,43.5957568717
389,43.6057568717
390,43.6157568717
391,43.6257568717
392,43.6357568717
393,43.6457568717
394,43.6557568717
395,43.6657568717
396,43.6757568717
397,43.6857568717
398,43.6957568717
399,43.7057568717
400,43.7157568717
401,43.7257568717
402,43.7357568717
403,43.7457568717
404,43.7557568717
405,43.7657568717
406,43.7757568717
407,43.7857568717
408,43.7957568717
409,43.8057568717
410,43.8157568717
411,43.8257568717
412,43.8357568717
413,43.8457568717
414,43.8557568717
415,43.8657568717
416,43.8757568717
417,43.8857568717
418,43.8957568717
419,43.9057568717
420,43.9157568717
421,43.9257568717
422,43.9357568717
423,43.9457568717
424,43.9557568717
425,43.9657568717
426,43.9757568717
427,43.9857568717
428,43.9957568717
429,43.5257568717
430,43.5357568717
431,43.5457568717
432,43.5557568717
433,43.5657568717
434,43.5757568717
435,43.5857568717
436,43.5957568717
437,43.6057568717
438,43.6157568717
439,43.6257568717
440,43.6357568717
441,43.6457568717
442,43.6557568717
443,43.6657568717
444,43.6757568717
445,43.6857568717
446,43.6957568717
447,43.7057568717
448,43.7157568717
449,43.7257568717
450,43.7357568717
451,43.7457568717
452,43.7557568717
453,43.7657568717
454,43.7757568717
455,43.7857568717
456,43.7957568717
457,43.8057568717
458,43.8157568717
459,43.8257568717
460,43.8357568717
461,43.8457568717
462,43.8557568717
463,43.8657568717
464,43.8757568717
465,43.8857568717
466,43.8957568717
467,43.9057568717
468,43.9157568717
469,43.9257568717
470,43.9357568717
471,43.9457568717
472,43.9557568717
473,43.9657568717
474,43.9757568717
475,43.9857568717
476,43.9957568717
477,44.0057568717
478,43.5257568717
479,43.5357568717
480,43.5457568717
481,43.5557568717
482,43.5657568717
483,43.5757568717
484,43.5857568717
485,43.5957568717
486,43.6057568717
487,43.6157568717
488,43.6257568717
489,43.6357568717
490,43.6457568717
491,43.6557568717
492,43.6657568717
493,43.6757568717
494,43.6857568717
495,43.6957568717
496,43.7057568717
497,43.7157568717
498,43.7257568717
499,43.7357568717
500,43.7457568717
501,43.7557568717
502,43.7657568717
503,43.7757568717
504,43.7857568717
505,43.7957568717
506,43.8057568717
507,43.8157568717
508,43.8257568717
509,43.8357568717
510,43.8457568717
511,43.8557568717
512,43.8657568717
513,43.8757568717
514,43.8857568717
515,43.8957568717
516,43.9057568717
517,43.9157568717
518,43.9257568717
519,43.9357568717
520,43.9457568717
521,43.9557568717
522,43.9657568717
523,43.9757568717
524,43.9857568717
525,43.9957568717
526,44.0057568717
527,44.0157568717
528,43.5257568717
529,43.5357568717
530,43.5457568717
531,43.5557568717
532,43.5657568717
533,43.5757568717
534,43.5857568717
535,43.5957568717
536,43.6057568717
537,43.6157568717
538,43.6257568717
539,43.6357568717
540,43.6457568717
541,43.6557568717
542,43.6657568717
543,43.6757568717
544,43.6857568717
545,43.6957568717
546,43.7057568717
547,43.7157568717
548,43.7257568717
549,43.7357568717
550,43.7457568717
551,43.7557568717
552,43.7657568717
553,43.7757568717
554,43.7857568717
555,43.7957568717
556,43.8057568717
557,43.8157568717
558,43.8257568717
559,43.8357568717
560,43.8457568717
561,43.8557568717
562,43.8657568717
563,43.8757568717
564,43.8857568717
565,43.8957568717
566,43.9057568717
567,43.9157568717
568,43.9257568717
569,43.9357568717
570,43.9457568717
571,43.9557568717
572,43.9657568717
573,43.9757568717
574,43.9857568717
575,43.9957568717
576,44.0057568717
577,44.0157568717
578,43.5257568717
579,43.5357568717
580,43.5457568717
581,43.5557568717
582,43.5657568717
583,43.5757568717
584,43.5857568717
585,43.5957568717
586,43.6057568717
587,43.6157568717
588,43.6257568717
589,43.6357568717
590,43.6457568717
591,43.6557568717
592,43.6657568717
593,43.6757568717
594,43.6857568717
595,43.6957568717
596,43.7057568717
597,43.7157568717
598,43.7257568717
599,43.7357568717
600,43.7457568717
601,43.7557568717
602,43.7657568717
603,43.7757568717
604,43.7857568717
605,43.7957568717
606,43.8057568717
607,43.8157568717
608,43.8257568717
609,43.8357568717
610,43.8457568717
611,43.8557568717
612,43.8657568717
613,43.8757568717
614,43.8857568717
615,43.8957568717
616,43.9057568717
617,43.9157568717
618,43.9257568717
619,43.9357568717
620,43.9457568717
621,43.9557568717
622,43.9657568717
623,43.9757568717
624,43.9857568717
625,43.9957568717
626,44.0057568717
627,44.0157568717
628,44.0257568717
629,43.5257568717
630,43.5357568717
631,43.5457568717
632,43.5557568717
633,43.5657568717
634,43.5757568717
635,43.5857568717
636,43.5957568717
637,43.6057568717
638,43.6157568717
639,43.6257568717
640,43.6357568717
641,43.6457568717
642,43.6557568717
643,43.6657568717
644,43.6757568717
645,43.6857568717
646,43.6957568717
647,43.7057568717
648,43.7157568717
649,43.7257568717
650,43.7357568717
651,43.7457568717
652,43.7557568717
653,43.7657568717
654,43.7757568717
655,43.7857568717
656,43.7957568717
657,43.8057568717
658,43.8157568717
659,43.8257568717
660,43.8357568717
661,43.8457568717
662,43.8557568717
663,43.8657568717
664,43.8757568717
665,43.8857568717
666,43.8957568717
667,43.9057568717
668,43.9157568717
669,43.9257568717
670,43.9357568717
671,43.9457568717
672,43.9557568717
673,43.9657568717
674,43.9757568717
675,43.9857568717
676,43.9957568717
677,44.0057568717
678,44.0157568717
679,44.0257568717
680,44.0357568717
681,43.5257568717
682,43.5357568717
683,43.5457568717
684,43.5557568717
685,43.5657568717
686,43.5757568717
687,43.5857568717
688,43.5957568717
689,43.6057568717
690,43.6157568717
691,43.6257568717
692,43.6357568717
693,43.6457568717
694,43.6557568717
695,43.6657568717
696,43.6757568717
697,43.6857568717
698,43.6957568717
699,43.7057568717
700,43.7157568717
701,43.7257568717
702,43.7357568717
703,43.7457568717
704,43.7557568717
705,43.7657568717
706,43.7757568717
707,43.7857568717
708,43.7957568717
709,43.8057568717
710,43.8157568717
711,43.8257568717
712,43.8357568717
713,43.8457568717
714,43.8557568717
715,43.8657568717
716,43.8757568717
717,43.8857568717
718,43.8957568717
719,43.9057568717
720,43.9157568717
721,43.9257568717
722,43.9357568717
723,43.9457568717
724,43.9557568717
725,43.9657568717
726,43.9757568717
727,43.9857568717
728,43.9957568717
729,44.0057568717
730,44.0157568717
731,44.0257568717
732,44.0357568717
733,43.5257568717
734,43.5357568717
735,43.5457568717
736,43.5557568717
737,43.5657568717
738,43.5757568717
739,43.5857568717
740,43.5957568717
741,43.6057568717
742,43.6157568717
743,43.6257568717
744,43.6357568717
745,43.6457568717
746,43.6557568717
747,43.6657568717
748,43.6757568717
749,43.6857568717
750,43.6957568717
751,43.7057568717
752,43.7157568717
753,43.7257568717
754,43.7357568717
755,43.7457568717
756,43.7557568717
757,43.7657568717
758,43.7757568717
759,43.7857568717
760,43.7957568717
761,43.8057568717
762,43.8157568717
763,43.8257568717
764,43.8357568717
765,43.8457568717
766,43.8557568717
767,43.8657568717
768,43.8757568717
769,43.8857568717
770,43.8957568717
771,43.9057568717
772,43.9157568717
773,43.9257568717
774,43.9357568717
775,43.9457568717
776,43.9557568717
777,43.9657568717
778,43.9757568717
779,43.9857568717
780,43.9957568717
781,44.0057568717
782,44.0157568717
783,44.0257568717
784,44.0357568717
785,43.5257568717
786,43.5357568717
787,43.5457568717
788,43.5557568717
789,43.5657568717
790,43.5757568717
791,43.5857568717
792,43.5957568717
793,43.6057568717
794,43.6157568717
795,43.6257568717
796,43.6357568717
797,43.6457568717
798,43.6557568717
799,43.6657568717
800,43.6757568717
801,43.6857568717
802,43.6957568717
803,43.7057568717
804,43.7157568717
805,43.7257568717
806,43.7357568717
807,43.7457568717
808,43.7557568717
809,43.7657568717
810,43.7757568717
811,43.7857568717
812,43.7957568717
813,43.8057568717
814,43.8157568717
815,43.8257568717
816,43.8357568717
817,43.8457568717
818,43.8557568717
819,43.8657568717
820,43.8757568717
821,43.8857568717
822,43.8957568717
823,43.9057568717
824,43.9157568717
825,43.9257568717
826,43.9357568717
827,43.9457568717
828,43.9557568717
829,43.9657568717
830,43.9757568717
831,43.9857568717
832,43.9957568717
833,44.0057568717
834,44.0157568717
835,44.0257568717
836,44.0357568717
837,43.5257568717
838,43.5357568717
839,43.5457568717
840,43.5557568717
841,43.5657568717
842,43.5757568717
843,43.5857568717
844,43.5957568717
845,43.6057568717
846,43.6157568717
847,43.6257568717
848,43.6357568717
849,43.6457568717
850,43.6557568717
851,43.6657568717
852,43.6757568717
853,43.6857568717
854,43.6957568717
855,43.7057568717
856,43.7157568717
857,43.7257568717
858,43.7357568717
859,43.7457568717
860,43.7557568717
861,43.7657568717
862,43.7757568717
863,43.7857568717
864,43.7957568717
865,43.8057568717
866,43.8157568717
867,43.8257568717
868,43.8357568717
869,43.8457568717
870,43.8557568717
871,43.8657568717
872,43.8757568717
873,43.8857568717
874,43.8957568717
875,43.9057568717
876,43.9157568717
877,43.9257568717
878,43.9357568717
879,43.9457568717
880,43.9557568717
881,43.9657568717
882,43.9757568717
883,43.9857568717
884,43.9957568717
885,44.0057568717
886,44.0157568717
887,44.0257568717
888,44.0357568717
889,43.5257568717
890,43.5357568717
891,43.5457568717
892,43.5557568717
893,43.5657568717
894,43.5757568717
895,43.5857568717
896,43.5957568717
897,43.6057568717
898,43.6157568717
899,43.6257568717
900,43.6357568717
901,43.6457568717
902,43.6557568717
903,43.6657568717
904,43.6757568717
905,43.6857568717
906,43.6957568717
907,43.7057568717
908,43.7157568717
909,43.7257568717
910,43.7357568717
911,43.7457568717
912,43.7557568717
913,43.7657568717
914,43.7757568717
915,43.7857568717
916,43.7957568717
917,43.8057568717
918,43.8157568717
919,43.8257568717
920,43.8357568717
921,43.8457568717
922,43.8557568717
923,43.8657568717
924,43.8757568717
925,43.8857568717
926,43.8957568717
927,43.9057568717
928,43.9157568717
929,43.9257568717
930,43.9357568717
931,43.9457568717
932,43.9557568717
933,43.9657568717
934,43.9757568717
935,43.9857568717
936,43.9957568717
937,44.0057568717
938,44.0157568717
939,44.0257568717
940,44.0357568717
941,43.5257568717
942,43.5357568717
943,43.5457568717
944,43.5557568717
945,43.5657568717
946,43.5757568717
947,43.5857568717
948,43.5957568717
949,43.6057568717
950,43.6157568717
951,43.6257568717
952,43.6357568717
953,43.6457568717
954,43.6557568717
955,43.6657568717
956,43.6757568717
957,43.6857568717
958,43.6957568717
959,43.7057568717
960,43.7157568717
961,43.7257568717
962,43.7357568717
963,43.7457568717
964,43.7557568717
965,43.7657568717
966,43.7757568717
967,43.7857568717
968,43.7957568717
969,43.8057568717
970,43.8157568717
971,43.8257568717
972,43.8357568717
973,43.8457568717
974,43.8557568717
975,43.8657568717
976,43.8757568717
977,43.8857568717
978,43.8957568717
979,43.9057568717
980,43.9157568717
981,43.9257568717
982,43.9357568717
983,43.9457568717
984,43.9557568717
985,43.9657568717
986,43.9757568717
987,43.9857568717
988,43.9957568717
989,44.0057568717
990,44.0157568717
991,44.0257568717
992,44.0357568717
993,43.5257568717
994,43.5357568717
995,43.5457568717
996,43.5557568717
997,43.5657568717
998,43.5757568717
999,43.5857568717
1000,43.5957568717
1001,43.6057568717
1002,43.6157568717
1003,43.6257568717
1004,43.6357568717
1005,43.6457568717
1006,43.6557568717
1007,43.6657568717
1008,43.6757568717
1009,43.6857568717
1010,43.6957568717
1011,43.7057568717
1012,43.7157568717
1013,43.7257568717
1014,43.7357568717
1015,43.7457568717
1016,43.7557568717
1017,43.7657568717
1018,43.7757568717
1019,43.7857568717
1020,43.7957568717
1021,43.8057568717
1022,43.8157568717
1023,43.8257568717
1024,43.8357568717
1025,43.8457568717
1026,43.8557568717
1027,43.8657568717
1028,43.8757568717
1029,43.8857568717
1030,43.8957568717
1031,43.9057568717
1032,43.9157568717
1033,43.9257568717
1034,43.9357568717
1035,43.9457568717
1036,43.9557568717
1037,43.9657568717
1038,43.9757568717
1039,43.9857568717
1040,43.9957568717
1041,44.0057568717
1042,44.0157568717
1043,44.0257568717
1044,44.0357568717
1045,43.5257568717
1046,43.5357568717
1047,43.5457568717
1048,43.5557568717
1049,43.5657568717
1050,43.5757568717
1051,43.5857568717
1052,43.5957568717
1053,43.6057568717
1054,43.6157568717
1055,43.6257568717
1056,43.6357568717
1057,43.6457568717
1058,43.6557568717
1059,43.6657568717
1060,43.6757568717
1061,43.6857568717
1062,43.6957568717
1063,43.7057568717
1064,43.7157568717
1065,43.7257568717
1066,43.7357568717
1067,43.7457568717
1068,43.7557568717
1069,43.7657568717
1070,43.7757568717
1071,43.7857568717
1072,43.7957568717
1073,43.8057568717
1074,43.8157568717
1075,43.8257568717
1076,43.8357568717
1077,43.8457568717
1078,43.8557568717
1079,43.8657568717
1080,43.8757568717
1081,43.8857568717
1082,43.8957568717
1083,43.9057568717
1084,43.9157568717
1085,43.9257568717
1086,43.9357568717
1087,43.9457568717
1088,43.9557568717
1089,43.9657568717
1090,43.9757568717
1091,43.9857568717
1092,43.9957568717
1093,44.0057568717
1094,44.0157568717
1095,44.0257568717
1096,44.0357568717
1097,43.5257568717
1098,43.5357568717
1099,43.5457568717
1100,43.5557568717
1101,43.5657568717
1102,43.5757568717
1103,43.5857568717
1104,43.5957568717
1105,43.6057568717
1106,43.6157568717
1107,43.6257568717
1108,43.6357568717
1109,43.6457568717
1110,43.6557568717
1111,43.6657568717
1112,43.6757568717
1113,43.6857568717
1114,43.6957568717
1115,43.7057568717
1116,43.7157568717
1117,43.7257568717
1118,43.7357568717
1119,43.7457568717
1120,43.7557568717
1121,43.7657568717
1122,43.7757568717
1123,43.7857568717
1124,43.7957568717
1125,43.8057568717
1126,43.8157568717
1127,43.8257568717
1128,43.8357568717
1129,43.8457568717
1130,43.8557568717
1131,43.8657568717
1132,43.8757568717
1133,43.8857568717
1134,43.8957568717
1135,43.9057568717
1136,43.9157568717
1137,43.9257568717
1138,43.9357568717
1139,43.9457568717
1140,43.9557568717
1141,43.9657568717
1142,43.9757568717
1143,43.9857568717
1144,43.9957568717
1145,44.0057568717
1146,44.0157568717
1147,44.0257568717
1148,44.0357568717
1149,43.5257568717
1150,43.5357568717
1151,43.5457568717
1152,43.5557568717
1153,43.5657568717
1154,43.5757568717
1155,43.5857568717
1156,43.5957568717
1157,43.6057568717
1158,43.6157568717
1159,43.6257568717
1160,43.6357568717
1161,43.6457568717
1162,43.6557568717
1163,43.6657568717
1164,43.6757568717
1165,43.6857568717
1166,43.6957568717
1167,43.7057568717
1168,43.7157568717
1169,43.7257568717
1170,43.7357568717
1171,43.7457568717
1172,43.7557568717
1173,43.7657568717
1174,43.7757568717
1175,43.7857568717
1176,43.7957568717
1177,43.8057568717
1178,43.8157568717
1179,43.8257568717
1180,43.8357568717
1181,43.8457568717
1182,43.8557568717
1183,43.8657568717
1184,43.8757568717
1185,43.8857568717
1186,43.8957568717
1187,43.9057568717
1188,43.9157568717
1189,43.9257568717
1190,43.9357568717
1191,43.9457568717
1192,43.9557568717
1193,43.9657568717
1194,43.9757568717
1195,43.9857568717
1196,43.9957568717
1197,44.0057568717
1198,44.0157568717
1199,44.0257568717
1200,44.0357568717
1201,43.5257568717
1202,43.5357568717
1203,43.5457568717
1204,43.5557568717
1205,43.5657568717
1206,43.5757568717
1207,43.5857568717
1208,43.5957568717
1209,43.6057568717
1210,43.6157568717
1211,43.6257568717
1212,43.6357568717
1213,43.6457568717
1214,43.6557568717
1215,43.6657568717
1216,43.6757568717
1217,43.6857568717
1218,43.6957568717
1219,43.7057568717
1220,43.7157568717
1221,43.7257568717
1222,43.7357568717
1223,43.7457568717
1224,43.7557568717
1225,43.7657568717
1226,43.7757568717
1227,43.7857568717
1228,43.7957568717
1229,43.8057568717
1230,43.8157568717
1231,43.8257568717
1232,43.8357568717
1233,43.8457568717
1234,43.8557568717
1235,43.8657568717
1236,43.8757568717
1237,43.8857568717
1238,43.8957568717
1239,43.9057568717
1240,43.9157568717
1241,43.9257568717
1242,43.9357568717
1243,43.9457568717
1244,43.9557568717
1245,43.9657568717
1246,43.9757568717
1247,43.9857568717
1248,43.9957568717
1249,44.0057568717
1250,44.0157568717
1251,44.0257568717
1252,44.0357568717
1253,43.5257568717
1254,43.5357568717
1255,43.5457568717
1256,43.5557568717
1257,43.5657568717
1258,43.5757568717
1259,43.5857568717
1260,43.5957568717
1261,43.6057568717
1262,43.6157568717
1263,43.6257568717
1264,43.6357568717
1265,43.6457568717
1266,43.6557568717
1267,43.6657568717
1268,43.6757568717
1269,43.6857568717
1270,43.6957568717
1271,43.7057568717
1272,43.7157568717
1273,43.7257568717
1274,43.7357568717
1275,43.7457568717
1276,43.7557568717
1277,43.7657568717
1278,43.7757568717
1279,43.7857568717
1280,43.7957568717
1281,43.8057568717
1282,43.8157568717
1283,43.8257568717
1284,43.8357568717
1285,43.8457568717
1286,43.8557568717
1287,43.8657568717
1288,43.8757568717
1289,43.8857568717
1290,43.8957568717
1291,43.9057568717
1292,43.9157568717
1293,43.9257568717
1294,43.9357568717
1295,43.9457568717
1296,43.9557568717
1297,43.9657568717
1298,43.9757568717
1299,43.9857568717
1300,43.9957568717
1301,44.0057568717
1302,44.0157568717
1303,44.0257568717
1304,44.0357568717
1305,43.5257568717
1306,43.5357568717
1307,43.5457568717
1308,43.5557568717
1309,43.5657568717
1310,43.5757568717
1311,43.5857568717
1312,43.5957568717
1313,43.6057568717
1314,43.6157568717
1315,43.6257568717
1316,43.6357568717
1317,43.6457568717
1318,43.6557568717
1319,43.6657568717
1320,43.6757568717
1321,43.6857568717
1322,43.6957568717
1323,43.7057568717
1324,43.7157568717
1325,43.7257568717
1326,43.7357568717
1327,43.7457568717
1328,43.7557568717
1329,43.7657568717
1330,43.7757568717
1331,43.7857568717
1332,43.7957568717
1333,43.8057568717
1334,43.8157568717
1335,43.8257568717
1336,43.8357568717
1337,43.8457568717
1338,43.8557568717
1339,43.8657568717
1340,43.8757568717
1341,43.8857568717
1342,43.8957568717
1343,43.9057568717
1344,43.9157568717
1345,43.9257568717
1346,43.9357568717
1347,43.9457568717
1348,43.9557568717
1349,43.9657568717
1350,43.9757568717
1351,43.9857568717
1352,43.9957568717
1353,44.0057568717
1354,44.0157568717
1355,44.0257568717
1356,44.0357568717
1357,43.5257568717
1358,43.5357568717
1359,43.5457568717
1360,43.5557568717
1361,43.5657568717
1362,43.5757568717
1363,43.5857568717
1364,43.5957568717
1365,43.6057568717
1366,43.6157568717
1367,43.6257568717
1368,43.6357568717
1369,43.6457568717
1370,43.6557568717
1371,43.6657568717
1372,43.6757568717
1373,43.6857568717
1374,43.6957568717
1375,43.7057568717
1376,43.7157568717
1377,43.7257568717
1378,43.7357568717
1379,43.7457568717
1380,43.7557568717
1381,43.7657568717
1382,43.7757568717
1383,43.7857568717
1384,43.7957568717
1385,43.8057568717
1386,43.8157568717
1387,43.8257568717
1388,43.8357568717
1389,43.8457568717
1390,43.8557568717
1391,43.8657568717
1392,43.8757568717
1393,43.8857568717
1394,43.8957568717
1395,43.9057568717
1396,43.9157568717
1397,43.9257568717
1398,43.9357568717
1399,43.9457568717
1400,43.9557568717
1401,43.9657568717
1402,43.9757568717
1403,43.9857568717
1404,43.9957568717
1405,44.0057568717
1406,44.0157568717
1407,44.0257568717
1408,44.0357568717
1409,43.5257568717
1410,43.5357568717
1411,43.5457568717
1412,43.5557568717
1413,43.5657568717
1414,43.5757568717
1415,43.5857568717
1416,43.5957568717
1417,43.6057568717
1418,43.6157568717
1419,43.6257568717
1420,43.6357568717
1421,43.6457568717
1422,43.6557568717
1423,43.6657568717
1424,43.6757568717
1425,43.6857568717
1426,43.6957568717
1427,43.7057568717
1428,43.7157568717
1429,43.7257568717
1430,43.7357568717
1431,43.7457568717
1432,43.7557568717
1433,43.7657568717
1434,43.7757568717
1435,43.7857568717
1436,43.7957568717
1437,43.8057568717
1438,43.8157568717
1439,43.8257568717
1440,43.8357568717
1441,43.8457568717
1442,43.8557568717
1443,43.8657568717
1444,43.8757568717
1445,43.8857568717
1446,43.8957568717
1447,43.9057568717
1448,43.9157568717
1449,43.9257568717
1450,43.9357568717
1451,43.9457568717
1452,43.9557568717
1453,43.9657568717
1454,43.9757568717
1455,43.9857568717
1456,43.9957568717
1457,44.0057568717
1458,44.0157568717
1459,44.0257568717
1460,44.0357568717
1461,43.5257568717
1462,43.5357568717
1463,43.5457568717
1464,43.5557568717
1465,43.5657568717
1466,43.5757568717
1467,43.5857568717
1468,43.5957568717
1469,43.6057568717
1470,43.6157568717
1471,43.6257568717
1472,43.6357568717
1473,43.6457568717
1474,43.6557568717
1475,43.6657568717
1476,43.6757568717
1477,43.6857568717
1478,43.6957568717
1479,43.7057568717
1480,43.7157568717
1481,43.7257568717
1482,43.7357568717
1483,43.7457568717
1484,43.7557568717
1485,43.7657568717
1486,43.7757568717
1487,43.7857568717
1488,43.7957568717
1489,43.8057568717
1490,43.8157568717
1491,43.8257568717
1492,43.8357568717
1493,43.8457568717
1494,43.8557568717
1495,43.8657568717
1496,43.8757568717
1497,43.8857568717
1498,43.8957568717
1499,43.9057568717
1500,43.9157568717
1501,43.9257568717
1502,43.9357568717
1503,43.9457568717
1504,43.9557568717
1505,43.9657568717
1506,43.9757568717
1507,43.9857568717
1508,43.9957568717
1509,44.0057568717
1510,44.0157568717
1511,44.0257568717
1512,44.0357568717
1513,43.5257568717
1514,43.5357568717
1515,43.5457568717
1516,43.5557568717
1517,43.5657568717
1518,43.5757568717
1519,43.5857568717
1520,43.5957568717
1521,43.6057568717
1522,43.6157568717
1523,43.6257568717
1524,43.6357568717
1525,43.6457568717
1526,43.6557568717
1527,43.6657568717
1528,43.6757568717
1529,43.6857568717
1530,43.6957568717
1531,43.7057568717
1532,43.7157568717
1533,43.7257568717
1534,43.7357568717
1535,43.7457568717
1536,43.7557568717
1537,43.7657568717
1538,43.7757568717
1539,43.7857568717
1540,43.7957568717
1541,43.8057568717
1542,43.8157568717
1543,43.8257568717
1544,43.8357568717
1545,43.8457568717
1546,43.8557568717
1547,43.8657568717
1548,43.8757568717
1549,43.8857568717
1550,43.8957568717
1551,43.9057568717
1552,43.9157568717
1553,43.9257568717
1554,43.9357568717
1555,43.9457568717
1556,43.9557568717
1557,43.9657568717
1558,43.9757568717
1559,43.9857568717
1560,43.9957568717
1561,44.0057568717
1562,44.0157568717
1563,44.0257568717
1564,44.0357568717
1565,43.5257568717
1566,43.5357568717
1567,43.5457568717
1568,43.5557568717
1569,43.5657568717
1570,43.5757568717
1571,43.5857568717
1572,43.5957568717
1573,43.6057568717
1574,43.6157568717
1575,43.6257568717
1576,43.6357568717
1577,43.6457568717
1578,43.6557568717
1579,43.6657568717
1580,43.6757568717
1581,43.6857568717
1582,43.6957568717
1583,43.7057568717
1584,43.7157568717
1585,43.7257568717
1586,43.7357568717
1587,43.7457568717
1588,43.7557568717
1589,43.7657568717
1590,43.7757568717
1591,43.7857568717
1592,43.7957568717
1593,43.8057568717
1594,43.8157568717
1595,43.8257568717
1596,43.8357568717
1597,43.8457568717
1598,43.8557568717
1599,43.8657568717
1600,43.8757568717
1601,43.8857568717
1602,43.8957568717
1603,43.9057568717
1604,43.9157568717
1605,43.9257568717
1606,43.9357568717
1607,43.9457568717
1608,43.9557568717
1609,43.9657568717
1610,43.9757568717
1611,43.9857568717
1612,43.9957568717
1613,44.0057568717
1614,44.0157568717
1615,44.0257568717
1616,44.0357568717
1617,43.5257568717
1618,43.5357568717
1619,43.5457568717
1620,43.5557568717
1621,43.5657568717
1622,43.5757568717
1623,43.5857568717
1624,43.5957568717
1625,43.6057568717
1626,43.6157568717
1627,43.6257568717
1628,43.6357568717
1629,43.6457568717
1630,43.6557568717
1631,43.6657568717
1632,43.6757568717
1633,43.6857568717
1634,43.6957568717
1635,43.7057568717
1636,43.7157568717
1637,43.7257568717
1638,43.7357568717
1639,43.7457568717
1640,43.7557568717
1641,43.7657568717
1642,43.7757568717
1643,43.7857568717
1644,43.7957568717
1645,43.8057568717
1646,43.8157568717
1647,43.8257568717
1648,43.8357568717
1649,43.8457568717
1650,43.8557568717
1651,43.8657568717
1652,43.8757568717
1653,43.8857568717
1654,43.8957568717
1655,43.9057568717
1656,43.9157568717
1657,43.9257568717
1658,43.9357568717
1659,43.9457568717
1660,43.9557568717
1661,43.9657568717
1662,43.9757568717
1663,43.9857568717
1664,43.9957568717
1665,44.0057568717
1666,44.0157568717
1667,44.0257568717
1668,44.0357568717
1669,43.5257568717
1670,43.5357568717
1671,43.5457568717
1672,43.5557568717
1673,43.5657568717
1674,43.5757568717
1675,43.5857568717
1676,43.5957568717
1677,43.6057568717
1678,43.6157568717
1679,43.6257568717
1680,43.6357568717
1681,43.6457568717
1682,43.6557568717
1683,43.6657568717
1684,43.6757568717
1685,43.6857568717
1686,43.6957568717
1687,43.7057568717
1688,43.7157568717
1689,43.7257568717
1690,43.7357568717
1691,43.7457568717
1692,43.7557568717
1693,43.7657568717
1694,43.7757568717
1695,43.7857568717
1696,43.7957568717
1697,43.8057568717
1698,43.8157568717
1699,43.8257568717
1700,43.8357568717
1701,43.8457568717
1702,43.8557568717
1703,43.8657568717
1704,43.8757568717
1705,43.8857568717
1706,43.8957568717
1707,43.9057568717
1708,43.9157568717
1709,43.9257568717
1710,43.9357568717
1711,43.9457568717
1712,43.9557568717
1713,43.9657568717
1714,43.9757568717
1715,43.9857568717
1716,43.9957568717
1717,44.0057568717
1718,44.0157568717
1719,44.0257568717
1720,44.0357568717
1721,43.5257568717
1722,43.5357568717
1723,43.5457568717
1724,43.5557568717
1725,43.5657568717
1726,43.5757568717
1727,43.5857568717
1728,43.5957568717
1729,43.6057568717
1730,43.6157568717
1731,43.6257568717
1732,43.6357568717
1733,43.6457568717
1734,43.6557568717
1735,43.6657568717
1736,43.6757568717
1737,43.6857568717
1738,43.6957568717
1739,43.7057568717
1740,43.7157568717
1741,43.7257568717
1742,43.7357568717
1743,43.7457568717
1744,43.7557568717
1745,43.7657568717
1746,43.7757568717
1747,43.7857568717
1748,43.7957568717
1749,43.8057568717
1750,43.8157568717
1751,43.8257568717
1752,43.8357568717
1753,43.8457568717
1754,43.8557568717
1755,43.8657568717
1756,43.8757568717
1757,43.8857568717
1758,43.8957568717
1759,43.9057568717
1760,43.9157568717
1761,43.9257568717
1762,43.9357568717
1763,43.9457568717
1764,43.9557568717
1765,43.9657568717
1766,43.9757568717
1767,43.9857568717
1768,43.9957568717
1769,44.0057568717
1770,44.0157568717
1771,44.0257568717
1772,44.0357568717
1773,43.5257568717
1774,43.5357568717
1775,43.5457568717
1776,43.5557568717
1777,43.5657568717
1778,43.5757568717
1779,43.5857568717
1780,43.5957568717
1781,43.6057568717
1782,43.6157568717
1783,43.6257568717
1784,43.6357568717
1785,43.6457568717
1786,43.6557568717
1787,43.6657568717
1788,43.6757568717
1789,43.6857568717
1790,43.6957568717
1791,43.7057568717
1792,43.7157568717
1793,43.7257568717
1794,43.7357568717
1795,43.7457568717
1796,43.7557568717
1797,43.7657568717
1798,43.7757568717
1799,43.7857568717
1800,43.7957568717
1801,43.8057568717
1802,43.8157568717
1803,43.8257568717
1804,43.8357568717
1805,43.8457568717
1806,43.8557568717
1807,43.8657568717
1808,43.8757568717
1809,43.8857568717
1810,43.8957568717
1811,43.9057568717
1812,43.9157568717
1813,43.9257568717
1814,43.9357568717
1815,43.9457568717
1816,43.9557568717
1817,43.9657568717
1818,43.9757568717
1819,43.9857568717
1820,43.9957568717
1821,44.0057568717
1822,44.0157568717
1823,44.0257568717
1824,44.0357568717
1825,43.5257568717
1826,43.5357568717
1827,43.5457568717
1828,43.5557568717
1829,43.5657568717
1830,43.5757568717
1831,43.5857568717
1832,43.5957568717
1833,43.6057568717
1834,43.6157568717
1835,43.6257568717
1836,43.6357568717
1837,43.6457568717
1838,43.6557568717
1839,43.6657568717
1840,43.6757568717
1841,43.6857568717
1842,43.6957568717
1843,43.7057568717
1844,43.7157568717
1845,43.7257568717
1846,43.7357568717
1847,43.7457568717
1848,43.7557568717
1849,43.7657568717
1850,43.7757568717
1851,43.7857568717
1852,43.7957568717
1853,43.8057568717
1854,43.8157568717
1855,43.8257568717
1856,43.8357568717
1857,43.8457568717
1858,43.8557568717
1859,43.8657568717
1860,43.8757568717
1861,43.8857568717
1862,43.8957568717
1863,43.9057568717
1864,43.9157568717
1865,43.9257568717
1866,43.9357568717
1867,43.9457568717
1868,43.9557568717
1869,43.9657568717
1870,43.9757568717
1871,43.9857568717
1872,43.9957568717
1873,44.0057568717
1874,44.0157568717
1875,44.0257568717
1876,44.0357568717
1877,43.5257568717
1878,43.5357568717
1879,43.5457568717
1880,43.5557568717
1881,43.5657568717
1882,43.5757568717
1883,43.5857568717
1884,43.5957568717
1885,43.6057568717
1886,43.6157568717
1887,43.6257568717
1888,43.6357568717
1889,43.6457568717
1890,43.6557568717
1891,43.6657568717
1892,43.6757568717
1893,43.6857568717
1894,43.6957568717
1895,43.7057568717
1896,43.7157568717
1897,43.7257568717
1898,43.7357568717
1899,43.7457568717
1900,43.7557568717
1901,43.7657568717
1902,43.7757568717
1903,43.7857568717
1904,43.7957568717
1905,43.8057568717
1906,43.8157568717
1907,43.8257568717
1908,43.8357568717
1909,43.8457568717
1910,43.8557568717
1911,43.8657568717
1912,43.8757568717
1913,43.8857568717
1914,43.8957568717
1915,43.9057568717
1916,43.9157568717
1917,43.9257568717
1918,43.9357568717
1919,43.9457568717
1920,43.9557568717
1921,43.9657568717
1922,43.9757568717
1923,43.9857568717
1924,43.9957568717
1925,44.0057568717
1926,44.0157568717
1927,44.0257568717
1928,44.0357568717
1929,43.5257568717
1930,43.5357568717
1931,43.5457568717
1932,43.5557568717
1933,43.5657568717
1934,43.5757568717
1935,43.5857568717
1936,43.5957568717
1937,43.6057568717
1938,43.6157568717
1939,43.6257568717
1940,43.6357568717
1941,43.6457568717
1942,43.6557568717
1943,43.6657568717
1944,43.6757568717
1945,43.6857568717
1946,43.6957568717
1947,43.7057568717
1948,43.7157568717
1949,43.7257568717
1950,43.7357568717
1951,43.7457568717
1952,43.7557568717
1953,43.7657568717
1954,43.7757568717
1955,43.7857568717
1956,43.7957568717
1957,43.8057568717
1958,43.8157568717
1959,43.8257568717
1960,43.8357568717
1961,43.8457568717
1962,43.8557568717
1963,43.8657568717
1964,43.8757568717
1965,43.8857568717
1966,43.8957568717
1967,43.9057568717
1968,43.9157568717
1969,43.9257568717
1970,43.9357568717
1971,43.9457568717
1972,43.9557568717
1973,43.9657568717
1974,43.9757568717
1975,43.9857568717
1976,43.9957568717
1977,44.0057568717
1978,44.0157568717
1979,44.0257568717
1980,44.0357568717
1981,43.5257568717
1982,43.5357568717
1983,43.5457568717
1984,43.5557568717
1985,43.5657568717
1986,43.5757568717
1987,43.5857568717
1988,43.5957568717
1989,43.6057568717
1990,43.6157568717
1991,43.6257568717
1992,43.6357568717
1993,43.6457568717
1994,43.6557568717
1995,43.6657568717
1996,43.6757568717
1997,43.6857568717
1998,43.6957568717
1999,43.7057568717
2000,43.7157568717
2001,43.7257568717
2002,43.7357568717
2003,43.7457568717
2004,43.7557568717
2005,43.7657568717
2006,43.7757568717
2007,43.7857568717
2008,43.7957568717
2009,43.8057568717
2010,43.8157568717
2011,43.8257568717
2012,43.8357568717
2013,43.8457568717
2014,43.8557568717
2015,43.8657568717
2016,43.8757568717
2017,43.8857568717
2018,43.8957568717
2019,43.9057568717
2020,43.9157568717
2021,43.9257568717
2022,43.9357568717
2023,43.9457568717
2024,43.9557568717
2025,43.9657568717
2026,43.9757568717
2027,43.9857568717
2028,43.9957568717
2029,44.0057568717
2030,44.0157568717
2031,44.0257568717
2032,44.0357568717
2033,43.5257568717
2034,43.5357568717
2035,43.5457568717
2036,43.5557568717
2037,43.5657568717
2038,43.5757568717
2039,43.5857568717
2040,43.5957568717
2041,43.6057568717
2042,43.6157568717
2043,43.6257568717
2044,43.6357568717
2045,43.6457568717
2046,43.6557568717
2047,43.6657568717
2048,43.6757568717
2049,43.6857568717
2050,43.6957568717
2051,43.7057568717
2052,43.7157568717
2053,43.7257568717
2054,43.7357568717
2055,43.7457568717
2056,43.7557568717
2057,43.7657568717
2058,43.7757568717
2059,43.7857568717
2060,43.7957568717
2061,43.8057568717
2062,43.8157568717
2063,43.8257568717
2064,43.8357568717
2065,43.8457568717
2066,43.8557568717
2067,43.8657568717
2068,43.8757568717
2069,43.8857568717
2070,43.8957568717
2071,43.9057568717
2072,43.9157568717
2073,43.9257568717
2074,43.9357568717
2075,43.9457568717
2076,43.9557568717
2077,43.9657568717
2078,43.9757568717
2079,43.9857568717
2080,43.9957568717
2081,44.0057568717
2082,44.0157568717
2083,44.0257568717
2084,44.0357568717
2085,43.5257568717
2086,43.5357568717
2087,43.5457568717
2088,43.5557568717
2089,43.5657568717
2090,43.5757568717
2091,43.5857568717
2092,43.5957568717
2093,43.6057568717
2094,43.6157568717
2095,43.6257568717
2096,43.6357568717
2097,43.6457568717
2098,43.6557568717
2099,43.6657568717
2100,43.6757568717
2101,43.6857568717
2102,43.6957568717
2103,43.7057568717
2104,43.7157568717
2105,43.7257568717
2106,43.7357568717
2107,43.7457568717
2108,43.7557568717
2109,43.7657568717
2110,43.7757568717
2111,43.7857568717
2112,43.7957568717
2113,43.8057568717
2114,43.8157568717
2115,43.8257568717
2116,43.8357568717
2117,43.8457568717
2118,43.8557568717
2119,43.8657568717
2120,43.8757568717
2121,43.8857568717
2122,43.8957568717
2123,43.9057568717
2124,43.9157568717
2125,43.9257568717
2126,43.9357568717
2127,43.9457568717
2128,43.9557568717
2129,43.9657568717
2130,43.9757568717
2131,43.9857568717
2132,43.9957568717
2133,44.0057568717
2134,44.0157568717
2135,44.0257568717
2136,44.0357568717
2137,43.5257568717
2138,43.5357568717
2139,43.5457568717
2140,43.5557568717
2141,43.5657568717
2142,43.5757568717
2143,43.5857568717
2144,43.5957568717
2145,43.6057568717
2146,43.6157568717
2147,43.6257568717
2148,43.6357568717
2149,43.6457568717
2150,43.6557568717
2151,43.6657568717
2152,43.6757568717
2153,43.6857568717
2154,43.6957568717
2155,43.7057568717
2156,43.7157568717
2157,43.7257568717
2158,43.7357568717
2159,43.7457568717
2160,43.7557568717
2161,43.7657568717
2162,43.7757568717
2163,43.7857568717
2164,43.7957568717
2165,43.8057568717
2166,43.8157568717
2167,43.8257568717
2168,43.8357568717
2169,43.8457568717
2170,43.8557568717
2171,43.8657568717
2172,43.8757568717
2173,43.8857568717
2174,43.8957568717
2175,43.9057568717
2176,43.9157568717
2177,43.9257568717
2178,43.9357568717
2179,43.9457568717
2180,43.9557568717
2181,43.9657568717
2182,43.9757568717
2183,43.9857568717
2184,43.9957568717
2185,44.0057568717
2186,44.0157568717
2187,44.0257568717
2188,44.0357568717
2189,43.5257568717
2190,43.5357568717
2191,43.5457568717
2192,43.5557568717
2193,43.5657568717
2194,43.5757568717
2195,43.5857568717
2196,43.5957568717
2197,43.6057568717
2198,43.6157568717
2199,43.6257568717
2200,43.6357568717
2201,43.6457568717
2202,43.6557568717
2203,43.6657568717
2204,43.6757568717
2205,43.6857568717
2206,43.6957568717
2207,43.7057568717
2208,43.7157568717
2209,43.7257568717
2210,43.7357568717
2211,43.7457568717
2212,43.7557568717
2213,43.7657568717
2214,43.7757568717
2215,43.7857568717
2216,43.7957568717
2217,43.8057568717
2218,43.8157568717
2219,43.8257568717
2220,43.8357568717
2221,43.8457568717
2222,43.8557568717
2223,43.8657568717
2224,43.8757568717
2225,43.8857568717
2226,43.8957568717
2227,43.9057568717
2228,43.9157568717
2229,43.9257568717
2230,43.9357568717
2231,43.9457568717
2232,43.9557568717
2233,43.9657568717
2234,43.9757568717
2235,43.9857568717
2236,43.9957568717
2237,44.0057568717
2238,44.0157568717
2239,44.0257568717
2240,43.5257568717
2241,43.5357568717
2242,43.5457568717
2243,43.5557568717
2244,43.5657568717
2245,43.5757568717
2246,43.5857568717
2247,43.5957568717
2248,43.6057568717
2249,43.6157568717
2250,43.6257568717
2251,43.6357568717
2252,43.6457568717
2253,43.6557568717
2254,43.6657568717
2255,43.6757568717
2256,43.6857568717
2257,43.6957568717
2258,43.7057568717
2259,43.7157568717
2260,43.7257568717
2261,43.7357568717
2262,43.7457568717
2263,43.7557568717
2264,43.7657568717
2265,43.7757568717
2266,43.7857568717
2267,43.7957568717
2268,43.8057568717
2269,43.8157568717
2270,43.8257568717
2271,43.8357568717
2272,43.8457568717
2273,43.8557568717
2274,43.8657568717
2275,43.8757568717
2276,43.8857568717
2277,43.8957568717
2278,43.9057568717
2279,43.9157568717
2280,43.9257568717
2281,43.9357568717
2282,43.9457568717
2283,43.9557568717
2284,43.9657568717
2285,43.9757568717
2286,43.9857568717
2287,43.9957568717
2288,44.0057568717
2289,44.0157568717
2290,44.0257568717
2291,43.5257568717
2292,43.5357568717
2293,43.5457568717
2294,43.5557568717
2295,43.5657568717
2296,43.5757568717
2297,43.5857568717
2298,43.5957568717
2299,43.6057568717
2300,43.6157568717
2301,43.6257568717
2302,43.6357568717
2303,43.6457568717
2304,43.6557568717
2305,43.6657568717
2306,43.6757568717
2307,43.6857568717
2308,43.6957568717
2309,43.7057568717
2310,43.7157568717
2311,43.7257568717
2312,43.7357568717
2313,43.7457568717
2314,43.7557568717
2315,43.7657568717
2316,43.7757568717
2317,43.7857568717
2318,43.7957568717
2319,43.8057568717
2320,43.8157568717
2321,43.8257568717
2322,43.8357568717
2323,43.8457568717
2324,43.8557568717
2325,43.8657568717
2326,43.8757568717
2327,43.8857568717
2328,43.8957568717
2329,43.9057568717
2330,43.9157568717
2331,43.9257568717
2332,43.9357568717
2333,43.9457568717
2334,43.9557568717
2335,43.9657568717
2336,43.9757568717
2337,43.9857568717
2338,43.9957568717
2339,44.0057568717
2340,44.0157568717
2341,44.0257568717
2342,43.5257568717
2343,43.5357568717
2344,43.5457568717
2345,43.5557568717
2346,43.5657568717
2347,43.5757568717
2348,43.5857568717
2349,43.5957568717
2350,43.6057568717
2351,43.6157568717
2352,43.6257568717
2353,43.6357568717
2354,43.6457568717
2355,43.6557568717
2356,43.6657568717
2357,43.6757568717
2358,43.6857568717
2359,43.6957568717
2360,43.7057568717
2361,43.7157568717
2362,43.7257568717
2363,43.7357568717
2364,43.7457568717
2365,43.7557568717
2366,43.7657568717
2367,43.7757568717
2368,43.7857568717
2369,43.7957568717
2370,43.8057568717
2371,43.8157568717
2372,43.8257568717
2373,43.8357568717
2374,43.8457568717
2375,43.8557568717
2376,43.8657568717
2377,43.8757568717
2378,43.8857568717
2379,43.8957568717
2380,43.9057568717
2381,43.9157568717
2382,43.9257568717
2383,43.9357568717
2384,43.9457568717
2385,43.9557568717
2386,43.9657568717
2387,43.9757568717
2388,43.9857568717
2389,43.9957568717
2390,44.0057568717
2391,44.0157568717
2392,44.0257568717
2393,43.5257568717
2394,43.5357568717
2395,43.5457568717
2396,43.5557568717
2397,43.5657568717
2398,43.5757568717
2399,43.5857568717
2400,43.5957568717
2401,43.6057568717
2402,43.6157568717
2403,43.6257568717
2404,43.6357568717
2405,43.6457568717
2406,43.6557568717
2407,43.6657568717
2408,43.6757568717
2409,43.6857568717
2410,43.6957568717
2411,43.7057568717
2412,43.7157568717
2413,43.7257568717
2414,43.7357568717
2415,43.7457568717
2416,43.7557568717
2417,43.7657568717
2418,43.7757568717
2419,43.7857568717
2420,43.7957568717
2421,43.8057568717
2422,43.8157568717
2423,43.8257568717
2424,43.8357568717
2425,43.8457568717
2426,43.8557568717
2427,43.8657568717
2428,43.8757568717
2429,43.8857568717
2430,43.8957568717
2431,43.9057568717
2432,43.9157568717
2433,43.9257568717
2434,43.9357568717
2435,43.9457568717
2436,43.9557568717
2437,43.9657568717
2438,43.9757568717
2439,43.9857568717
2440,43.9957568717
2441,44.0057568717
2442,44.0157568717
2443,44.0257568717
2444,43.5257568717
2445,43.5357568717
2446,43.5457568717
2447,43.5557568717
2448,43.5657568717
2449,43.5757568717
2450,43.5857568717
2451,43.5957568717
2452,43.6057568717
2453,43.6157568717
2454,43.6257568717
2455,43.6357568717
2456,43.6457568717
2457,43.6557568717
2458,43.6657568717
2459,43.6757568717
2460,43.6857568717
2461,43.6957568717
2462,43.7057568717
2463,43.7157568717
2464,43.7257568717
2465,43.7357568717
2466,43.7457568717
2467,43.7557568717
2468,43.7657568717
2469,43.7757568717
2470,43.7857568717
2471,43.7957568717
2472,43.8057568717
2473,43.8157568717
2474,43.8257568717
2475,43.8357568717
2476,43.8457568717
2477,43.8557568717
2478,43.8657568717
2479,43.8757568717
2480,43.8857568717
2481,43.8957568717
2482,43.9057568717
2483,43.9157568717
2484,43.9257568717
2485,43.9357568717
2486,43.9457568717
2487,43.9557568717
2488,43.9657568717
2489,43.9757568717
2490,43.9857568717
2491,43.9957568717
2492,44.0057568717
2493,44.0157568717
2494,44.0257568717
2495,43.5357568717
2496,43.5457568717
2497,43.5557568717
2498,43.5657568717
2499,43.5757568717
2500,43.5857568717
2501,43.5957568717
2502,43.6057568717
2503,43.6157568717
2504,43.6257568717
2505,43.6357568717
2506,43.6457568717
2507,43.6557568717
2508,43.6657568717
2509,43.6757568717
2510,43.6857568717
2511,43.6957568717
2512,43.7057568717
2513,43.7157568717
2514,43.7257568717
2515,43.7357568717
2516,43.7457568717
2517,43.7557568717
2518,43.7657568717
2519,43.7757568717
2520,43.7857568717
2521,43.7957568717
2522,43.8057568717
2523,43.8157568717
2524,43.8257568717
2525,43.8357568717
2526,43.8457568717
2527,43.8557568717
2528,43.8657568717
2529,43.8757568717
2530,43.8857568717
2531,43.8957568717
2532,43.9057568717
2533,43.9157568717
2534,43.9257568717
2535,43.9357568717
2536,43.9457568717
2537,43.9557568717
2538,43.9657568717
2539,43.9757568717
2540,43.9857568717
2541,43.9957568717
2542,44.0057568717
2543,44.0157568717
2544,44.0257568717
2545,43.5557568717
2546,43.5657568717
2547,43.5757568717
2548,43.5857568717
2549,43.5957568717
2550,43.6057568717
2551,43.6157568717
2552,43.6257568717
2553,43.6357568717
2554,43.6457568717
2555,43.6557568717
2556,43.6657568717
2557,43.6757568717
2558,43.6857568717
2559,43.6957568717
2560,43.7057568717
2561,43.7157568717
2562,43.7257568717
2563,43.7357568717
2564,43.7457568717
2565,43.7557568717
2566,43.7657568717
2567,43.7757568717
2568,43.7857568717
2569,43.7957568717
2570,43.8057568717
2571,43.8157568717
2572,43.8257568717
2573,43.8357568717
2574,43.8457568717
2575,43.8557568717
2576,43.8657568717
2577,43.8757568717
2578,43.8857568717
2579,43.8957568717
2580,43.9057568717
2581,43.9157568717
2582,43.9257568717
2583,43.9357568717
2584,43.9457568717
2585,43.9557568717
2586,43.9657568717
2587,43.9757568717
2588,43.9857568717
2589,43.9957568717
2590,44.0057568717
2591,44.0157568717
2592,44.0257568717
2593,43.5657568717
2594,43.5757568717
2595,43.5857568717
2596,43.5957568717
2597,43.6057568717
2598,43.6157568717
2599,43.6257568717
2600,43.6357568717
2601,43.6457568717
2602,43.6557568717
2603,43.6657568717
2604,43.6757568717
2605,43.6857568717
2606,43.6957568717
2607,43.7057568717
2608,43.7157568717
2609,43.7257568717
2610,43.7357568717
2611,43.7457568717
2612,43.7557568717
2613,43.7657568717
2614,43.7757568717
2615,43.7857568717
2616,43.7957568717
2617,43.8057568717
2618,43.8157568717
2619,43.8257568717
2620,43.8357568717
2621,43.8457568717
2622,43.8557568717
2623,43.8657568717
2624,43.8757568717
2625,43.8857568717
2626,43.8957568717
2627,43.9057568717
2628,43.9157568717
2629,43.9257568717
2630,43.9357568717
2631,43.9457568717
2632,43.9557568717
2633,43.9657568717
2634,43.9757568717
2635,43.9857568717
2636,43.9957568717
2637,44.0057568717
2638,44.0157568717
2639,44.0257568717
2640,43.5757568717
2641,43.5857568717
2642,43.5957568717
2643,43.6057568717
2644,43.6157568717
2645,43.6257568717
2646,43.6357568717
2647,43.6457568717
2648,43.6557568717
2649,43.6657568717
2650,43.6757568717
2651,43.6857568717
2652,43.6957568717
2653,43.7057568717
2654,43.7157568717
2655,43.7257568717
2656,43.7357568717
2657,43.7457568717
2658,43.7557568717
2659,43.7657568717
2660,43.7757568717
2661,43.7857568717
2662,43.7957568717
2663,43.8057568717
2664,43.8157568717
2665,43.8257568717
2666,43.8357568717
2667,43.8457568717
2668,43.8557568717
2669,43.8657568717
2670,43.8757568717
2671,43.8857568717
2672,43.8957568717
2673,43.9057568717
2674,43.9157568717
2675,43.9257568717
2676,43.9357568717
2677,43.9457568717
2678,43.9557568717
2679,43.9657568717
2680,43.9757568717
2681,43.9857568717
2682,43.9957568717
2683,44.0057568717
2684,44.0157568717
2685,44.0257568717
2686,43.5957568717
2687,43.6057568717
2688,43.6157568717
2689,43.6257568717
2690,43.6357568717
2691,43.6457568717
2692,43.6557568717
2693,43.6657568717
2694,43.6757568717
2695,43.6857568717
2696,43.6957568717
2697,43.7057568717
2698,43.7157568717
2699,43.7257568717
2700,43.7357568717
2701,43.7457568717
2702,43.7557568717
2703,43.7657568717
2704,43.7757568717
2705,43.7857568717
2706,43.7957568717
2707,43.8057568717
2708,43.8157568717
2709,43.8257568717
2710,43.8357568717
2711,43.8457568717
2712,43.8557568717
2713,43.8657568717
2714,43.8757568717
2715,43.8857568717
2716,43.8957568717
2717,43.9057568717
2718,43.9157568717
2719,43.9257568717
2720,43.9357568717
2721,43.9457568717
2722,43.9557568717
2723,43.9657568717
2724,43.9757568717
2725,43.9857568717
2726,43.9957568717
2727,44.0057568717
2728,44.0157568717
2729,43.6057568717
2730,43.6157568717
2731,43.6257568717
2732,43.6357568717
2733,43.6457568717
2734,43.6557568717
2735,43.6657568717
2736,43.6757568717
2737,43.6857568717
2738,43.6957568717
2739,43.7057568717
2740,43.7157568717
2741,43.7257568717
2742,43.7357568717
2743,43.7457568717
2744,43.7557568717
2745,43.7657568717
2746,43.7757568717
2747,43.7857568717
2748,43.7957568717
2749,43.8057568717
2750,43.8157568717
2751,43.8257568717
2752,43.8357568717
2753,43.8457568717
2754,43.8557568717
2755,43.8657568717
2756,43.8757568717
2757,43.8857568717
2758,43.8957568717
2759,43.9057568717
2760,43.9157568717
2761,43.9257568717
2762,43.9357568717
2763,43.9457568717
2764,43.9557568717
2765,43.9657568717
2766,43.9757568717
2767,43.9857568717
2768,43.9957568717
2769,44.0057568717
2770,43.6157568717
2771,43.6257568717
2772,43.6357568717
2773,43.6457568717
2774,43.6557568717
2775,43.6657568717
2776,43.6757568717
2777,43.6857568717
2778,43.6957568717
2779,43.7057568717
2780,43.7157568717
2781,43.7257568717
2782,43.7357568717
2783,43.7457568717
2784,43.7557568717
2785,43.7657568717
2786,43.7757568717
2787,43.7857568717
2788,43.7957568717
2789,43.8057568717
2790,43.8157568717
2791,43.8257568717
2792,43.8357568717
2793,43.8457568717
2794,43.8557568717
2795,43.8657568717
2796,43.8757568717
2797,43.8857568717
2798,43.8957568717
2799,43.9057568717
2800,43.9157568717
2801,43.9257568717
2802,43.9357568717
2803,43.9457568717
2804,43.9557568717
2805,43.9657568717
2806,43.9757568717
2807,43.9857568717
2808,43.9957568717
2809,43.6257568717
2810,43.6357568717
2811,43.6457568717
2812,43.6557568717
2813,43.6657568717
2814,43.6757568717
2815,43.6857568717
2816,43.6957568717
2817,43.7057568717
2818,43.7157568717
2819,43.7257568717
2820,43.7357568717
2821,43.7457568717
2822,43.7557568717
2823,43.7657568717
2824,43.7757568717
2825,43.7857568717
2826,43.7957568717
2827,43.8057568717
2828,43.8157568717
2829,43.8257568717
2830,43.8357568717
2831,43.8457568717
2832,43.8557568717
2833,43.8657568717
2834,43.8757568717
2835,43.8857568717
2836,43.8957568717
2837,43.9057568717
2838,43.9157568717
2839,43.9257568717
2840,43.9357568717
2841,43.9457568717
2842,43.9557568717
2843,43.9657568717
2844,43.9757568717
2845,43.6457568717
2846,43.6557568717
2847,43.6657568717
2848,43.6757568717
2849,43.6857568717
2850,43.6957568717
2851,43.7057568717
2852,43.7157568717
2853,43.7257568717
2854,43.7357568717
2855,43.7457568717
2856,43.7557568717
2857,43.7657568717
2858,43.7757568717
2859,43.7857568717
2860,43.7957568717
2861,43.8057568717
2862,43.8157568717
2863,43.8257568717
2864,43.8357568717
2865,43.8457568717
2866,43.8557568717
2867,43.8657568717
2868,43.8757568717
2869,43.8857568717
2870,43.8957568717
2871,43.9057568717
2872,43.9157568717
2873,43.9257568717
2874,43.9357568717
2875,43.9457568717
2876,43.9557568717
2877,43.9657568717
2878,43.6557568717
2879,43.6657568717
2880,43.6757568717
2881,43.6857568717
2882,43.6957568717
2883,43.7057568717
2884,43.7157568717
2885,43.7257568717
2886,43.7357568717
2887,43.7457568717
2888,43.7557568717
2889,43.7657568717
2890,43.7757568717
2891,43.7857568717
2892,43.7957568717
2893,43.8057568717
2894,43.8157568717
2895,43.8257568717
2896,43.8357568717
2897,43.8457568717
2898,43.8557568717
2899,43.8657568717
2900,43.8757568717
2901,43.8857568717
2902,43.8957568717
2903,43.9057568717
2904,43.9157568717
2905,43.9257568717
2906,43.9357568717
2907,43.9457568717
2908,43.9557568717
2909,43.6657568717
2910,43.6757568717
2911,43.6857568717
2912,43.6957568717
2913,43.7057568717
2914,43.7157568717
2915,43.7257568717
2916,43.7357568717
2917,43.7457568717
2918,43.7557568717
2919,43.7657568717
2920,43.7757568717
2921,43.7857568717
2922,43.7957568717
2923,43.8057568717
2924,43.8157568717
2925,43.8257568717
2926,43.8357568717
2927,43.8457568717
2928,43.8557568717
2929,43.8657568717
2930,43.8757568717
2931,43.8857568717
2932,43.8957568717
2933,43.9057568717
2934,43.9157568717
2935,43.9257568717
2936,43.9357568717
2937,43.9457568717
2938,43.6857568717
2939,43.6957568717
2940,43.7057568717
2941,43.7157568717
2942,43.7257568717
2943,43.7357568717
2944,43.7457568717
2945,43.7557568717
2946,43.7657568717
2947,43.7757568717
2948,43.7857568717
2949,43.7957568717
2950,43.8057568717
2951,43.8157568717
2952,43.8257568717
2953,43.8357568717
2954,43.8457568717
2955,43.8557568717
2956,43.8657568717
2957,43.8757568717
2958,43.8857568717
2959,43.8957568717
2960,43.9057568717
2961,43.9157568717
2962,43.9257568717
2963,43.9357568717
2964,43.6957568717
2965,43.7057568717
2966,43.7157568717
2967,43.7257568717
2968,43.7357568717
2969,43.7457568717
2970,43.7557568717
2971,43.7657568717
2972,43.7757568717
2973,43.7857568717
2974,43.7957568717
2975,43.8057568717
2976,43.8157568717
2977,43.8257568717
2978,43.8357568717
2979,43.8457568717
2980,43.8557568717
2981,43.8657568717
2982,43.8757568717
2983,43.8857568717
2984,43.8957568717
2985,43.9057568717
2986,43.9157568717
2987,43.9257568717
2988,43.7057568717
2989,43.7157568717
2990,43.7257568717
2991,43.7357568717
2992,43.7457568717
2993,43.7557568717
2994,43.7657568717
2995,43.7757568717
2996,43.7857568717
2997,43.7957568717
2998,43.8057568717
2999,43.8157568717
3000,43.8257568717
3001,43.8357568717
3002,43.8457568717
3003,43.8557568717
3004,43.8657568717
3005,43.8757568717
3006,43.8857568717
3007,43.8957568717
3008,43.9057568717
3009,43.7157568717
3010,43.7257568717
3011,43.7357568717
3012,43.7457568717
3013,43.7557568717
3014,43.7657568717
3015,43.7757568717
3016,43.7857568717
3017,43.7957568717
3018,43.8057568717
3019,43.8157568717
3020,43.8257568717
3021,43.8357568717
3022,43.8457568717
3023,43.8557568717
3024,43.8657568717
3025,43.8757568717
3026,43.8857568717
3027,43.8957568717
3028,43.7357568717
3029,43.7457568717
3030,43.7557568717
3031,43.7657568717
3032,43.7757568717
3033,43.7857568717
3034,43.7957568717
3035,43.8057568717
3036,43.8157568717
3037,43.8257568717
3038,43.8357568717
3039,43.8457568717
3040,43.8557568717
3041,43.8657568717
3042,43.8757568717
3043,43.8857568717
3044,43.7457568717
3045,43.7557568717
3046,43.7657568717
3047,43.7757568717
3048,43.7857568717
3049,43.7957568717
3050,43.8057568717
3051,43.8157568717
3052,43.8257568717
3053,43.8357568717
3054,43.8457568717
3055,43.8557568717
3056,43.8657568717
3057,43.8757568717
3058,43.7557568717
3059,43.7657568717
3060,43.7757568717
3061,43.7857568717
3062,43.7957568717
3063,43.8057568717
3064,43.8157568717
3065,43.8257568717
3066,43.8357568717
3067,43.8457568717
3068,43.8557568717
3069,43.8657568717
3070,43.7757568717
3071,43.7857568717
3072,43.7957568717
3073,43.8057568717
3074,43.8157568717
3075,43.8257568717
3076,43.8357568717
3077,43.8457568717
3078,43.7857568717
3079,43.7957568717
3080,43.8057568717
3081,43.8157568717
3082,43.8257568717
3083,43.8357568717
3084,43.7957568717
3085,43.8057568717
3086,43.8157568717
3087,43.8257568717
3088,43.8057568717
3089,43.8157568717
