DN,distance
1,0.409117083053
2,0.409311203267
3,0.40939338798
4,0.406132141884
5,0.404274496038
6,0.404198508196
7,0.402732901902
8,0.400494600287
9,0.398169302267
10,0.394021207505
11,0.400387777344
12,0.399876398769
13,0.398320368235
14,0.395555028976
15,0.393021520445
16,0.390727590678
17,0.388677481598
18,0.386341447112
19,0.382055221926
20,0.397681418266
21,0.396754187243
22,0.395058084993
23,0.391831133318
24,0.388759272072
25,0.385922150448
26,0.383324980651
27,0.380972670116
28,0.378869779686
29,0.377020482924
30,0.374651219084
31,0.370248239135
32,0.396179609154
33,0.394882178414
34,0.392958372023
35,0.38935779577
36,0.385748140256
37,0.382366005675
38,0.37921747966
39,0.376308425981
40,0.373644438001
41,0.371230791602
42,0.369072398342
43,0.367173759686
44,0.365538923217
45,0.363125488708
46,0.395896058421
47,0.394266461357
48,0.392049601626
49,0.388158922628
50,0.38401755663
51,0.380094223035
52,0.376395739839
53,0.372928796895
54,0.36969990822
55,0.366715361994
56,0.363981168891
57,0.361503009519
58,0.359286181861
59,0.357335549673
60,0.355655492921
61,0.354249858659
62,0.351678196972
63,0.396833377534
64,0.394887876283
65,0.392347689046
66,0.388246320401
67,0.383584853572
68,0.379129891296
69,0.374888795589
70,0.37086890358
71,0.367077482594
72,0.36352168135
73,0.360208477685
74,0.35714462334
75,0.354336586546
76,0.351790493262
77,0.349512068081
78,0.347506575936
79,0.345778765836
80,0.344332817907
81,0.343125626027
82,0.340291800136
83,0.396689592208
84,0.393856442034
85,0.389619123497
86,0.384454413395
87,0.379482977962
88,0.374712509996
89,0.370150779726
90,0.365805596344
91,0.361684764541
92,0.357796036151
93,0.354147057124
94,0.350745310239
95,0.347598054136
96,0.344712259462
97,0.342094543084
98,0.339751101532
99,0.337687644987
100,0.335909333245
101,0.334420715186
102,0.333225673276
103,0.332153573891
104,0.329125431407
105,0.399680242092
106,0.396573425466
107,0.392254258793
108,0.386617449254
109,0.381149821792
110,0.375868755335
111,0.370782221555
112,0.365898333429
113,0.361225310561
114,0.356771438844
115,0.352545024301
116,0.348554341163
117,0.344807574348
118,0.341312756739
119,0.338077701863
120,0.33510993283
121,0.332416608589
122,0.330004448834
123,0.327879659074
124,0.32604785756
125,0.324514005867
126,0.323282344999
127,0.322356338813
128,0.321369771799
129,0.318202255338
130,0.403848478218
131,0.400516568764
132,0.396053230043
133,0.390052442829
134,0.384113320183
135,0.378345314926
136,0.372756370718
137,0.367354660369
138,0.362148562167
139,0.357146630481
140,0.352357560226
141,0.347790144818
142,0.343453227408
143,0.339355645307
144,0.335506167732
145,0.331913427223
146,0.328585845336
147,0.325531553524
148,0.322758310387
149,0.3202734168
150,0.318083630659
151,0.316195083259
152,0.31461319944
153,0.31334262373
154,0.312387154715
155,0.311749689679
156,0.310808523582
157,0.307548185412
158,0.409158312744
159,0.405648952199
160,0.400980779573
161,0.394726188954
162,0.388343789484
163,0.382116518114
164,0.376052081499
165,0.370158483064
166,0.36444401102
167,0.35891722131
168,0.353586914828
169,0.348462108302
170,0.343551998257
171,0.338865917571
172,0.334413284239
173,0.330203542167
174,0.326246093991
175,0.322550226211
176,0.319125027244
177,0.315979299318
178,0.31312146554
179,0.310559473799
180,0.308300699563
181,0.306351849897
182,0.30471887129
183,0.303406863971
184,0.302420005438
185,0.301761485736
186,0.301433456766
187,0.30050392176
188,0.297192164673
189,0.415565988146
190,0.411905406786
191,0.407009639193
192,0.400595332394
193,0.393800399848
194,0.387144533094
195,0.380635027407
196,0.374279519442
197,0.368085986229
198,0.362062740202
199,0.35621841955
200,0.350561973139
201,0.345102639219
202,0.33984991714
203,0.334813531334
204,0.330003386875
205,0.325429516076
206,0.321102015749
207,0.317030974989
208,0.313226393663
209,0.309698092134
210,0.30645561319
211,0.303508117585
212,0.300864275089
213,0.298532153393
214,0.296519107637
215,0.294831673634
216,0.293475468076
217,0.292455099027
218,0.291774089891
219,0.29143481967
220,0.291438481845
221,0.290490521061
222,0.287166440379
223,0.423021619079
224,0.419190851111
225,0.414104500884
226,0.407608238907
227,0.400433029369
228,0.393381170868
229,0.386459415952
230,0.379674880342
231,0.373035051097
232,0.366547792152
233,0.360221346558
234,0.354064334691
235,0.348085747604
236,0.342294934624
237,0.336701584276
238,0.331315697543
239,0.326147552532
240,0.321207659634
241,0.316506706393
242,0.312055491501
243,0.307864847556
244,0.3039455526
245,0.300308230872
246,0.296963243709
247,0.293920572091
248,0.291189692954
249,0.288779451948
250,0.286697935904
251,0.284952348712
252,0.283548894586
253,0.282492672834
254,0.281787588069
255,0.281436279421
256,0.2814400717
257,0.281798950571
258,0.280734839715
259,0.427385090743
260,0.422225911816
261,0.415707027261
262,0.408184354304
263,0.400770010958
264,0.393470121188
265,0.386291173666
266,0.3792400367
267,0.372323971859
268,0.365550645746
269,0.358928139312
270,0.352464953966
271,0.346170013662
272,0.340052662014
273,0.334122653419
274,0.32839013705
275,0.322865632573
276,0.317559996349
277,0.312484376994
278,0.30765015919
279,0.303068894864
280,0.298752221111
281,0.294711764616
282,0.290959032834
283,0.287505292772
284,0.284361438941
285,0.281537852768
286,0.279044256571
287,0.27688956591
288,0.275081744749
289,0.273627668336
290,0.272532998852
291,0.271802078814
292,0.27143784672
293,0.271441778687
294,0.271813858736
295,0.272508277214
296,0.271208435195
297,0.436519001184
298,0.431336016373
299,0.424811125168
300,0.416991994153
301,0.4092486503
302,0.401605020333
303,0.394066906681
304,0.386640480971
305,0.379332303014
306,0.372149339237
307,0.365098980112
308,0.358189056035
309,0.351427850985
310,0.344824113183
311,0.338387061834
312,0.332126388896
313,0.326052254686
314,0.320175276013
315,0.314506505425
316,0.309057400072
317,0.303839778705
318,0.298865765366
319,0.294147718489
320,0.289698144414
321,0.285529594721
322,0.281654547355
323,0.278085272228
324,0.274833682824
325,0.271911176304
326,0.269328465602
327,0.267095407988
328,0.265220835442
329,0.263712392839
330,0.262576390259
331,0.261817675694
332,0.261439533909
333,0.261443616244
334,0.261829904822
335,0.262596712934
336,0.263550848131
337,0.262104532755
338,0.446550439579
339,0.441385687283
340,0.434788678535
341,0.426790556687
342,0.418750897147
343,0.410797332569
344,0.402934961291
345,0.395169226553
346,0.387505938276
347,0.379951295278
348,0.372511907686
349,0.365194819176
350,0.358007528604
351,0.350958010482
352,0.34405473359
353,0.337306676914
354,0.330723341896
355,0.324314759854
356,0.318091493196
357,0.312064628929
358,0.306245762767
359,0.300646972041
360,0.295280775503
361,0.290160078174
362,0.285298099451
363,0.280708282983
364,0.276404187232
365,0.272399356284
366,0.268707171263
367,0.265340683788
368,0.26231243405
369,0.25963425745
370,0.257317084987
371,0.255370743842
372,0.253803765526
373,0.252623209503
374,0.251834510272
375,0.251441355287
376,0.251445599947
377,0.251847224161
378,0.252644332812
379,0.253833200126
380,0.25498541674
381,0.253471186143
382,0.457420360139
383,0.452298403787
384,0.445590389834
385,0.437513468783
386,0.429208771987
387,0.420977795774
388,0.41282494973
389,0.404754955132
390,0.396772867379
391,0.388884099537
392,0.381094446899
393,0.373410112399
394,0.365837732644
395,0.358384404252
396,0.351057710064
397,0.343865744702
398,0.336817138762
399,0.329921080788
400,0.323187335973
401,0.316626260309
402,0.310248808704
403,0.304066535295
404,0.298091584032
405,0.292336667312
406,0.286815030359
407,0.28154039892
408,0.276526907929
409,0.271789008963
410,0.267341354784
411,0.263198659879
412,0.259375536908
413,0.255886310167
414,0.252744808681
415,0.249964143228
416,0.247556473323
417,0.245532771884
418,0.243902596651
419,0.242673878359
420,0.241852735817
421,0.241443327526
422,0.241447747952
423,0.241865974406
424,0.24269586762
425,0.243933225995
426,0.245571890348
427,0.246868998076
428,0.245358072343
429,0.463983360946
430,0.45717418287
431,0.449094523965
432,0.440554225993
433,0.432076568011
434,0.423665310368
435,0.415324487351
436,0.407058428702
437,0.39887178261
438,0.390769540198
439,0.382757061504
440,0.374840102865
441,0.367024845617
442,0.359317925916
443,0.351726465409
444,0.344258102379
445,0.336921022849
446,0.329723990972
447,0.322676377826
448,0.315788187542
449,0.309070079392
450,0.302533384208
451,0.296190113178
452,0.290052956767
453,0.284135271153
454,0.278451049375
455,0.273014874105
456,0.267841848983
457,0.262947505505
458,0.258347682853
459,0.254058378764
460,0.250095570542
461,0.246475006824
462,0.243211972513
463,0.240321031452
464,0.237815753773
465,0.235708437114
466,0.234009832937
467,0.232728890548
468,0.231872531966
469,0.231445470175
470,0.231450081549
471,0.231886340334
472,0.232751819366
473,0.234041756963
474,0.235749185761
475,0.237865115499
476,0.239256163989
477,0.237818440133
478,0.461438277171
479,0.452720534247
480,0.444024792904
481,0.43538506095
482,0.426804739761
483,0.41828748543
484,0.409837229948
485,0.401458204096
486,0.393154962096
487,0.384932408099
488,0.376795824538
489,0.368750902336
490,0.360803772927
491,0.352961041962
492,0.345229824504
493,0.337617781391
494,0.330133156311
495,0.322784812964
496,0.315582271468
497,0.308535742904
498,0.30165616061
499,0.294955206461
500,0.288445330007
501,0.282139757899
502,0.276052490609
503,0.270198283037
504,0.264592605226
505,0.259251579214
506,0.254191887969
507,0.249430652675
508,0.244985275228
509,0.240873243974
510,0.237111902374
511,0.233718182501
512,0.230708308078
513,0.228097474779
514,0.22589951878
515,0.224126587378
516,0.222788827714
517,0.221894110644
518,0.221447806318
519,0.221452625876
520,0.221908539925
521,0.222812779428
522,0.224159918943
523,0.225942036472
524,0.228148939138
525,0.230768440247
526,0.232195703582
527,0.230908472376
528,0.456664988311
529,0.447915178786
530,0.43912428989
531,0.430386194663
532,0.421704174915
533,0.413081766391
534,0.404522780953
535,0.396031330697
536,0.387611854151
537,0.379269144623
538,0.371008380832
539,0.362835159862
540,0.354755532467
541,0.346776040696
542,0.338903757703
543,0.331146329543
544,0.323512018562
545,0.316009747854
546,0.308649145994
547,0.301440591008
548,0.294395252156
549,0.28752512773
550,0.280843076576
551,0.274362840496
552,0.268099054138
553,0.262067238346
554,0.256283772406
555,0.250765840144
556,0.245531344572
557,0.240598785849
558,0.235987097818
559,0.231715439539
560,0.227802940072
561,0.224268397439
562,0.221129936178
563,0.218404631954
564,0.216108116097
565,0.214254177153
566,0.212854379828
567,0.211917723649
568,0.211450363398
569,0.211455410821
570,0.211932832166
571,0.2128794493
572,0.214289044328
573,0.216152559789
574,0.218458379761
575,0.221192672284
576,0.22433977101
577,0.225700534376
578,0.452062544385
579,0.443283354803
580,0.434398742206
581,0.425563628397
582,0.416781161281
583,0.40805474018
584,0.399388038839
585,0.390785030614
586,0.382250016006
587,0.373787652713
588,0.365402988364
589,0.357101496062
590,0.348889112863
591,0.340772281236
592,0.332757993508
593,0.324853839177
594,0.317068054859
595,0.309409576446
596,0.301888092811
597,0.294514100113
598,0.287298955358
599,0.280254927405
600,0.273395243044
601,0.26673412512
602,0.26028681889
603,0.254069602023
604,0.248099772787
605,0.242395610194
606,0.236976299291
607,0.231861814472
608,0.227072753968
609,0.222630119658
610,0.218555038294
611,0.214868423339
612,0.211590580916
613,0.208740768699
614,0.206336722619
615,0.204394172338
616,0.20292637155
617,0.20194367248
618,0.201453174309
619,0.201458472206
620,0.201959527154
621,0.20295266737
622,0.204430721216
623,0.206383270546
624,0.208797004159
625,0.211656144561
626,0.214942918271
627,0.218598128321
628,0.21978290417
629,0.447636214923
630,0.438830557167
631,0.42985391994
632,0.420923421863
633,0.41204206297
634,0.403213090365
635,0.394440021836
636,0.385726671894
637,0.377077180422
638,0.368496044184
639,0.359988151421
640,0.351558819756
641,0.343213837618
642,0.334959509369
643,0.326802704244
644,0.318750909153
645,0.310812285263
646,0.302995728113
647,0.295310930782
648,0.28776844932
649,0.280379769256
650,0.273157371478
651,0.266114795111
652,0.259266694277
653,0.252628884623
654,0.246218374478
655,0.240053374304
656,0.234153276935
657,0.228538599987
658,0.223230881081
659,0.218252516258
660,0.213626532615
661,0.209376288107
662,0.205525094833
663,0.202095767374
664,0.199110104653
665,0.196588322032
666,0.194548459115
667,0.193005796619
668,0.191972321215
669,0.191456278814
670,0.191461853333
671,0.191988999336
672,0.193033443866
673,0.194586857303
674,0.196637177613
675,0.199169059354
676,0.202164410291
677,0.205602975107
678,0.209462927406
679,0.213520435498
680,0.214643162696
681,0.44339127413
682,0.434562289162
683,0.42549561425
684,0.416471670502
685,0.407493296773
686,0.39856357272
687,0.389685842807
688,0.380863742917
689,0.372101229846
690,0.363402613966
691,0.354772595365
692,0.346216303785
693,0.337739342675
694,0.329347837666
695,0.321048489733
696,0.312848633278
697,0.304756299243
698,0.296780283228
699,0.288930218387
700,0.281216652569
701,0.27365112875
702,0.266246267299
703,0.259015847846
704,0.251974887677
705,0.245139712418
706,0.238528013425
707,0.23215888476
708,0.226052830899
709,0.220231734639
710,0.214718773111
711,0.209538268846
712,0.204715462766
713,0.200276197487
714,0.196246502808
715,0.192652081351
716,0.189517701108
717,0.186866512831
718,0.184719322763
719,0.183093863323
720,0.18200411361
721,0.181459725436
722,0.181465607044
723,0.182021705091
724,0.183123007044
725,0.184759763729
726,0.186917909462
727,0.189579638839
728,0.192724087873
729,0.196328063789
730,0.200366771735
731,0.204814496069
732,0.208348241988
733,0.439332979663
734,0.430484039681
735,0.421329613253
736,0.412214480081
737,0.403141305466
738,0.394112987299
739,0.385132680179
740,0.376203822318
741,0.367330165534
742,0.358515808711
743,0.349765235093
744,0.341083353837
745,0.332475546242
746,0.323947717129
747,0.315506351787
748,0.307158578917
749,0.298912239941
750,0.290775964913
751,0.282759255119
752,0.274872572186
753,0.267127433119
754,0.259536510166
755,0.252113733647
756,0.2448743949
757,0.237835245206
758,0.231014584922
759,0.224432335084
760,0.218110081417
761,0.212071078179
762,0.206340196725
763,0.200943801519
764,0.195909535127
765,0.191265994202
766,0.187042281643
767,0.183267426748
768,0.179969676033
769,0.177175672359
770,0.174909557944
771,0.173192055374
772,0.172039596108
773,0.171463574014
774,0.171469798501
775,0.172058206379
776,0.173222865023
777,0.174952266494
778,0.177229879354
779,0.180034898618
780,0.183343119055
781,0.187127854392
782,0.191360833176
783,0.196013017573
784,0.199659008172
785,0.435466549602
786,0.426601258411
787,0.417361675603
788,0.408157938606
789,0.398992528039
790,0.389868146962
791,0.380787744814
792,0.371754544269
793,0.362772071374
794,0.353844189374
795,0.344975136695
796,0.336169569596
797,0.327432610024
798,0.318769899287
799,0.310187658162
800,0.301692754073
801,0.293292775985
802,0.284996117569
803,0.276812069126
804,0.268750918507
805,0.260824060973
806,0.253044117432
807,0.245425059746
808,0.237982340807
809,0.230733025639
810,0.223695917944
811,0.21689167409
812,0.210342893566
813,0.204074171463
814,0.19811209464
815,0.192485159499
816,0.187223586152
817,0.182359002509
818,0.177923973597
819,0.173951358043
820,0.170473486353
821,0.167521175181
822,0.165122617222
823,0.163302214629
824,0.162079449306
825,0.161467899199
826,0.161474508998
827,0.162099203085
828,0.163334889797
829,0.165167856466
830,0.167578505167
831,0.170542340721
832,0.174031102286
833,0.178013929644
834,0.182458471253
835,0.187331866793
836,0.191098002685
837,0.431797137725
838,0.422919329111
839,0.413597501831
840,0.404308085629
841,0.395053366888
842,0.385835842391
843,0.376658242786
844,0.367523559031
845,0.358435072262
846,0.34939638752
847,0.340411471893
848,0.331484697657
849,0.322620891086
850,0.313825387675
851,0.305104094587
852,0.296463561198
853,0.287911058667
854,0.279454669468
855,0.271103387791
856,0.262867231614
857,0.254757367
858,0.246786244806
859,0.238967749309
860,0.231317357313
861,0.223852304832
862,0.216591756452
863,0.209556969694
864,0.202771443088
865,0.196261032088
866,0.190054011536
867,0.184181057347
868,0.178675114299
869,0.173571112384
870,0.168905493216
871,0.164715513001
872,0.1610383023
873,0.157909687455
874,0.155362814008
875,0.153426655314
876,0.152124531702
877,0.151472795346
878,0.15147984128
879,0.15214557798
880,0.153461433211
881,0.155410894302
882,0.15797050564
883,0.161111189048
884,0.164799726399
885,0.16900024972
886,0.173675614264
887,0.17878857227
888,0.182683248259
889,0.428329807211
890,0.419443541128
891,0.410042703604
892,0.400670879105
893,0.391330152106
894,0.382022803681
895,0.372751334158
896,0.363518488802
897,0.354327286961
898,0.345181055201
899,0.336083465012
900,0.327038575766
901,0.318050883701
902,0.309125377813
903,0.300267603634
904,0.291483736041
905,0.282780662283
906,0.274166076577
907,0.265648587668
908,0.257237840751
909,0.248944655092
910,0.240781178424
911,0.232761058744
912,0.224899633286
913,0.217214133142
914,0.209723899976
915,0.202450608311
916,0.195418482724
917,0.188654493651
918,0.182188508307
919,0.176053364476
920,0.170284825301
921,0.164921364027
922,0.160003721509
923,0.155574179996
924,0.151675509116
925,0.148349569093
926,0.145635604282
927,0.143568324567
928,0.142175941719
929,0.141478383466
930,0.141485927118
931,0.142198460459
932,0.143605489942
933,0.145686894832
934,0.148414304938
935,0.151752892871
936,0.155663338905
937,0.160103746563
938,0.165031343229
939,0.17040386977
940,0.174435904837
941,0.425069502965
942,0.416179059363
943,0.40670277112
944,0.397252159996
945,0.387829103093
946,0.378435658719
947,0.369074087921
948,0.359746879012
949,0.350456775571
950,0.341206808443
951,0.332000332398
952,0.32284106817
953,0.313733150753
954,0.304681184955
955,0.295690309362
956,0.286766270044
957,0.277915505539
958,0.26914524481
959,0.260463620086
960,0.251879796674
961,0.243404121898
962,0.235048295338
963,0.226825562329
964,0.218750932136
965,0.210841421203
966,0.203116320071
967,0.195597479697
968,0.188309608486
969,0.181280564961
970,0.174541622019
971,0.168127666972
972,0.162077287076
973,0.156432674242
974,0.1512392679
975,0.146545046793
976,0.14239938667
977,0.138851431063
978,0.135947984512
979,0.133731032589
980,0.132235107523
981,0.131484821353
982,0.13149293833
983,0.132259318821
984,0.133770931071
985,0.136002928586
986,0.138920593032
987,0.142481808498
988,0.14663969564
989,0.151345085555
990,0.156548617069
991,0.16220235538
992,0.166380861237
993,0.422021022795
994,0.413130892951
995,0.403583038909
996,0.394057614924
997,0.384556287771
998,0.375080888674
999,0.365633433418
1000,0.356216145363
1001,0.346831481849
1002,0.337482164545
1003,0.328171214415
1004,0.318901992084
1005,0.309678244537
1006,0.300504159246
1007,0.291384427018
1008,0.282324315093
1009,0.273329752273
1010,0.264407428152
1011,0.255564908871
1012,0.246810772112
1013,0.238154764418
1014,0.229607984181
1015,0.221183093803
1016,0.212894564441
1017,0.204758956222
1018,0.196795235556
1019,0.189025128811
1020,0.181473507451
1021,0.174168793103
1022,0.167143360847
1023,0.160433904334
1024,0.154081706391
1025,0.148132733819
1026,0.142637447443
1027,0.137650194324
1028,0.133228039774
1029,0.129428919359
1030,0.126309064405
1031,0.123919789926
1032,0.122303920296
1033,0.121492318705
1034,0.121501103241
1035,0.122330097168
1036,0.123962846279
1037,0.126368199489
1038,0.129503113579
1039,0.133316131848
1040,0.137750954971
1041,0.142749641611
1042,0.148255167749
1043,0.154213259316
1044,0.158547419437
1045,0.419188987735
1046,0.410303862971
1047,0.400688650392
1048,0.39109273726
1049,0.381517579834
1050,0.371964781003
1051,0.362436108702
1052,0.352933517076
1053,0.343459170878
1054,0.33401547366
1055,0.324605100436
1056,0.315231035612
1057,0.305896617173
1058,0.296605588252
1059,0.287362157506
1060,0.278171069939
1061,0.269037690177
1062,0.259968100582
1063,0.250969217046
1064,0.242048925816
1065,0.233216245303
1066,0.224481517408
1067,0.215856633538
1068,0.207355300937
1069,0.198993355194
1070,0.190789124417
1071,0.182763849216
1072,0.174942159483
1073,0.167352603054
1074,0.160028211055
1075,0.153007068196
1076,0.146332831252
1077,0.140055103751
1078,0.134229529803
1079,0.128917420296
1080,0.124184684403
1081,0.12009983524
1082,0.116730908542
1083,0.11414131414
1084,0.112384937505
1085,0.111501160364
1086,0.111510731981
1087,0.11241342416
1088,0.114188057676
1089,0.116794893297
1090,0.120179789003
1091,0.12427918679
1092,0.129025000886
1093,0.134348745577
1094,0.140184592672
1095,0.146471343979
1096,0.150970065544
1097,0.416577811821
1098,0.407702569561
1099,0.398024521621
1100,0.388362787089
1101,0.378718614515
1102,0.369093380548
1103,0.359488606425
1104,0.34990597699
1105,0.340347362731
1106,0.330814845348
1107,0.321310747543
1108,0.31183766782
1109,0.302398521253
1110,0.292996587421
1111,0.283635566925
1112,0.274319648238
1113,0.265053587023
1114,0.25584280052
1115,0.246693480178
1116,0.2376127264
1117,0.228608710095
1118,0.21969086671
1119,0.210870129465
1120,0.202159209745
1121,0.193572933721
1122,0.185128645146
1123,0.176846684555
1124,0.168750953842
1125,0.160869571415
1126,0.153235614632
1127,0.145887930193
1128,0.138871965351
1129,0.132240528375
1130,0.126054321344
1131,0.12038200245
1132,0.115299441015
1133,0.110887761646
1134,0.107229801209
1135,0.104404812397
1136,0.102481702933
1137,0.101511743264
1138,0.101522256698
1139,0.102512941571
1140,0.104455913064
1141,0.107299451808
1142,0.110974352635
1143,0.115401219783
1144,0.120497203751
1145,0.126181261272
1146,0.132377661562
1147,0.13901791203
1148,0.143689302899
1149,0.414191671731
1150,0.405331358872
1151,0.39559530466
1152,0.385872750598
1153,0.376164743481
1154,0.366472439377
1155,0.356797117992
1156,0.347140199331
1157,0.33750326306
1158,0.327888071086
1159,0.318296593989
1160,0.308731042057
1161,0.299193901866
1162,0.289687979555
1163,0.280216452199
1164,0.270782929055
1165,0.261391524828
1166,0.252046947683
1167,0.242754605354
1168,0.233520733566
1169,0.224352552002
1170,0.215258454361
1171,0.206248240619
1172,0.197333401488
1173,0.188527467302
1174,0.179846435917
1175,0.171309296585
1176,0.162938668464
1177,0.154761572315
1178,0.146810349941
1179,0.139123734259
1180,0.131748047495
1181,0.124738456793
1182,0.118160133664
1183,0.112089035021
1184,0.106611849043
1185,0.101824461407
1186,0.0978281939185
1187,0.0947232289875
1188,0.0925992694046
1189,0.0915246375504
1190,0.0915362980635
1191,0.0926338407259
1192,0.0947795496512
1193,0.0979045331767
1194,0.101918752941
1195,0.106721913333
1196,0.112212750478
1197,0.118295544947
1198,0.124883828172
1199,0.131901876875
1200,0.136752490991
1201,0.41203447667
1202,0.403194290316
1203,0.393405351168
1204,0.383627299487
1205,0.373860989536
1206,0.364107366145
1207,0.354367476873
1208,0.344642486136
1209,0.334933691698
1210,0.325242543986
1211,0.315570668794
1212,0.30591989407
1213,0.296292281661
1214,0.286690165085
1215,0.277116194657
1216,0.267573391662
1217,0.258065213677
1218,0.248595633699
1219,0.239169236481
1220,0.229791336354
1221,0.220468122067
1222,0.211206835666
1223,0.202015994458
1224,0.192905667623
1225,0.183887822287
1226,0.1749767578
1227,0.166189651767
1228,0.157547246688
1229,0.149074711214
1230,0.140802713425
1231,0.132768741398
1232,0.12501869171
1233,0.117608706571
1234,0.110607153682
1235,0.104096479432
1236,0.0981743938845
1237,0.0929534625447
1238,0.0885577821736
1239,0.0851153063083
1240,0.0827450902012
1241,0.0815406925214
1242,0.0815537805458
1243,0.0827837768272
1244,0.0851779800783
1245,0.0886421055407
1246,0.0930567432223
1247,0.0982939064418
1248,0.104229682087
1249,0.110751800042
1250,0.117762879537
1251,0.125180790784
1252,0.130207130716
1253,0.410109838964
1254,0.401295104632
1255,0.391458676728
1256,0.38163075108
1257,0.371812001897
1258,0.362003175869
1259,0.352205102069
1260,0.342418703502
1261,0.332645010623
1262,0.322885177233
1263,0.313140499235
1264,0.303412436867
1265,0.29370264117
1266,0.284012985645
1267,0.274345604301
1268,0.264702937618
1269,0.255087788355
1270,0.245503389697
1271,0.235953488927
1272,0.226442450794
1273,0.216975385945
1274,0.207558311542
1275,0.198198353361
1276,0.188904001703
1277,0.179685437484
1278,0.170554950172
1279,0.16152747634
1280,0.15262129667
1281,0.143858940569
1282,0.13526836055
1283,0.126884451177
1284,0.118750993827
1285,0.110923095518
1286,0.103470129525
1287,0.0964790251209
1288,0.090057408761
1289,0.0843354697455
1290,0.0794644954785
1291,0.0756091305736
1292,0.0729306191565
1293,0.0715612310892
1294,0.071576143927
1295,0.0729745090008
1296,0.075679677248
1297,0.0795584573306
1298,0.0844492908039
1299,0.0901876782145
1300,0.096622729656
1301,0.1036247387
1302,0.111086547588
1303,0.118814475386
1304,0.123806560921
1305,0.408421045818
1306,0.399637193288
1307,0.389758926574
1308,0.379887029824
1309,0.370022012876
1310,0.36016444105
1311,0.350314942847
1312,0.340474218945
1313,0.330643052778
1314,0.320822323
1315,0.311013018248
1316,0.301216254714
1317,0.291433297151
1318,0.281665584111
1319,0.27191475844
1320,0.262182704315
1321,0.252471592513
1322,0.242783936064
1323,0.23312265912
1324,0.223491182778
1325,0.213893532778
1326,0.204334475673
1327,0.194819692364
1328,0.185356001029
1329,0.17595164592
1330,0.166616674695
1331,0.157363435622
1332,0.148207238201
1333,0.139167237666
1334,0.130267626923
1335,0.121539249663
1336,0.113021784595
1337,0.104766685437
1338,0.0968410706362
1339,0.089332679051
1340,0.0823557049079
1341,0.0760565363091
1342,0.0706167919109
1343,0.0662485160909
1344,0.0631743655979
1345,0.0615884327869
1346,0.0616057597762
1347,0.0632250284465
1348,0.0663290193393
1349,0.0707225097898
1350,0.0761827275399
1351,0.0824981367054
1352,0.0894878603182
1353,0.0970061858162
1354,0.104741604766
1355,0.112477023716
1356,0.117406215439
1357,0.406971032727
1358,0.398223569766
1359,0.38830934331
1360,0.378399630928
1361,0.368494796803
1362,0.358595245166
1363,0.348701425922
1364,0.338813841252
1365,0.328933053384
1366,0.319059693777
1367,0.309194474041
1368,0.299338198969
1369,0.289491782174
1370,0.279656264959
1371,0.269832839209
1372,0.26002287534
1373,0.25022795664
1374,0.240449921748
1375,0.230690917579
1376,0.220953465774
1377,0.211240546823
1378,0.201555707452
1379,0.191903199012
1380,0.18228815753
1381,0.172716840407
1382,0.163196940978
1383,0.153738011334
1384,0.144352037441
1385,0.135054230951
1386,0.125864132628
1387,0.116807167874
1388,0.107916861756
1389,0.0992380150731
1390,0.0908312623501
1391,0.0827795433943
1392,0.0751969905583
1393,0.0682401785862
1394,0.0621196954108
1395,0.0571050885857
1396,0.053508183737
1397,0.0516261591762
1398,0.0516468285158
1399,0.0535679893238
1400,0.0571984620829
1401,0.0622398477593
1402,0.068380795795
1403,0.0753529549388
1404,0.0829333151963
1405,0.0906687341463
1406,0.0984041530963
1407,0.106139572046
1408,0.111006139622
1409,0.40576235899
1410,0.397056843255
1411,0.387112737274
1412,0.377171586873
1413,0.367233632078
1414,0.357299139536
1415,0.347368406304
1416,0.337441764283
1417,0.327519585471
1418,0.317602288171
1419,0.307690344398
1420,0.29778428874
1421,0.287884729023
1422,0.277992359228
1423,0.268107975214
1424,0.258232494001
1425,0.24836697756
1426,0.238512662404
1427,0.228670996656
1428,0.2188436869
1429,0.209032757912
1430,0.199240629553
1431,0.189470216787
1432,0.179725061229
1433,0.170009506258
1434,0.160328933142
1435,0.150690083904
1436,0.141101509459
1437,0.131574201711
1438,0.122122500549
1439,0.112765419012
1440,0.103528615896
1441,0.0944473869082
1442,0.0855712771802
1443,0.0769712807656
1444,0.0687510919707
1445,0.0610642876943
1446,0.0541385427959
1447,0.0483023436338
1448,0.0439914876422
1449,0.0416819573608
1450,0.0417075551175
1451,0.0440642115365
1452,0.0484126979499
1453,0.0542763660099
1454,0.0612213891683
1455,0.0688604445764
1456,0.0765958635264
1457,0.0843312824764
1458,0.0920667014264
1459,0.0998021203764
1460,0.104606391933
1461,0.404797185813
1462,0.396139195276
1463,0.386171460129
1464,0.376205437498
1465,0.366241267182
1466,0.356279104596
1467,0.346319123001
1468,0.336361516141
1469,0.326406501352
1470,0.316454323259
1471,0.306505258183
1472,0.296559619433
1473,0.28661776369
1474,0.276680098755
1475,0.266747093015
1476,0.25681928708
1477,0.246897308209
1478,0.236981888306
1479,0.227073886587
1480,0.217174318357
1481,0.207284391932
1482,0.197405556464
1483,0.187539564645
1484,0.177688555883
1485,0.167855168155
1486,0.158042690627
1487,0.148255275269
1488,0.138498235475
1489,0.128778475741
1490,0.119105123309
1491,0.109490478961
1492,0.0999514860694
1493,0.0905120663334
1494,0.0812069500498
1495,0.072088163528
1496,0.0632363653707
1497,0.0547811326074
1498,0.0469372674344
1499,0.0400654671589
1500,0.0347473199415
1501,0.0317728001216
1502,0.0318063737641
1503,0.0348393455231
1504,0.040198440031
1505,0.0470961693281
1506,0.0547875739566
1507,0.0625229929066
1508,0.0702584118565
1509,0.0779938308065
1510,0.0857292497565
1511,0.0934646687065
1512,0.0982070490492
1513,0.404077257387
1514,0.395472359707
1515,0.385487382253
1516,0.375503204328
1517,0.36551989145
1518,0.355537516487
1519,0.345556160724
1520,0.335575915105
1521,0.325596881716
1522,0.315619175538
1523,0.305642926553
1524,0.295668282263
1525,0.285695410745
1526,0.275724504362
1527,0.265755784302
1528,0.255789506185
1529,0.245825967015
1530,0.235865513891
1531,0.225908555012
1532,0.2159555737
1533,0.20600714647
1534,0.196063966554
1535,0.186126874915
1536,0.176196901647
1537,0.166275322085
1538,0.156363734027
1539,0.146464165936
1540,0.136579231539
1541,0.126712355642
1542,0.116868112232
1543,0.107052745136
1544,0.0972749958911
1545,0.087547469467
1546,0.0778889850655
1547,0.0683288268521
1548,0.0589148806622
1549,0.0497302498273
1550,0.0409296021523
1551,0.0328232679177
1552,0.0260672495913
1553,0.0219462089142
1554,0.0219947873407
1555,0.0261897929472
1556,0.032985448899
1557,0.0407147033367
1558,0.0484501222867
1559,0.0561855412367
1560,0.0639209601867
1561,0.0716563791367
1562,0.0793917980867
1563,0.0871272170367
1564,0.0918082135569
1565,0.403603885351
1566,0.395057606622
1567,0.385061874423
1568,0.375066369752
1569,0.365071111297
1570,0.35507611985
1571,0.345081418614
1572,0.335087033555
1573,0.325092993836
1574,0.315099332316
1575,0.305106086157
1576,0.295113297556
1577,0.285121014622
1578,0.275129292449
1579,0.265138194435
1580,0.255147793901
1581,0.245158176117
1582,0.235169440832
1583,0.225181705487
1584,0.215195109309
1585,0.205209818612
1586,0.195226033713
1587,0.185243998077
1588,0.17526401059
1589,0.165286442253
1590,0.155311759301
1591,0.145340555804
1592,0.135373600624
1593,0.125411906653
1594,0.115456835722
1595,0.105510262531
1596,0.0955748402236
1597,0.0856544492027
1598,0.0757549949024
1599,0.0658859153167
1600,0.0560632537548
1601,0.046316552182
1602,0.0367063698898
1603,0.0273768547306
1604,0.0187517135055
1605,0.0124000541872
1606,0.0124858290994
1607,0.0189064137669
1608,0.0266418327168
1609,0.0343772516668
1610,0.0421126706168
1611,0.0498480895668
1612,0.0575835085168
1613,0.0653189274668
1614,0.0730543464168
1615,0.0807897653668
1616,0.0854100259047
1617,0.402154579214
1618,0.394895730299
1619,0.3848957942
1620,0.37489586151
1621,0.364895932509
1622,0.354896007509
1623,0.344896086859
1624,0.334896170947
1625,0.324896260211
1626,0.314896355145
1627,0.304896456307
1628,0.294896564329
1629,0.284896679934
1630,0.27489680395
1631,0.264896937329
1632,0.254897081173
1633,0.244897236765
1634,0.234897405604
1635,0.224897589458
1636,0.214897790422
1637,0.204898011003
1638,0.194898254218
1639,0.184898523742
1640,0.174898824085
1641,0.164899160855
1642,0.154899541107
1643,0.144899973843
1644,0.134900470733
1645,0.124901047187
1646,0.114901723977
1647,0.104902529795
1648,0.0949035054247
1649,0.0849047108608
1650,0.0749062381301
1651,0.0649082359586
1652,0.0549109613804
1653,0.0449149002467
1654,0.034921094608
1655,0.0249322568789
1656,0.0149583427401
1657,0.00508788777241
1658,0.00483354314696
1659,0.012568962097
1660,0.0203043810469
1661,0.0280397999969
1662,0.0357752189469
1663,0.0435106378969
1664,0.0512460568469
1665,0.0589814757969
1666,0.0667168947469
1667,0.0744523136969
1668,0.0790126836461
1669,0.395593574899
1670,0.389181299191
1671,0.381675496279
1672,0.374286368011
1673,0.36499474903
1674,0.354997607603
1675,0.345000631867
1676,0.335003836654
1677,0.325007238623
1678,0.315010856546
1679,0.305014711656
1680,0.295018828062
1681,0.285023233255
1682,0.275027958724
1683,0.265033040703
1684,0.255038521108
1685,0.245044448689
1686,0.235050880487
1687,0.22505788367
1688,0.215065537887
1689,0.205073938303
1690,0.195083199573
1691,0.185093461094
1692,0.175104894062
1693,0.16511771107
1694,0.155132179425
1695,0.145148639945
1696,0.135167534054
1697,0.125189443831
1698,0.115215152784
1699,0.10524574108
1700,0.095282740305
1701,0.0853283961205
1702,0.0753861377771
1703,0.0654614722825
1704,0.0555638276026
1705,0.0457107593714
1706,0.035938949717
1707,0.0263389956379
1708,0.0172010835609
1709,0.0092393274729
1710,0.00150390852291
1711,0.00623151042709
1712,0.0139669293771
1713,0.0217023483271
1714,0.0294377672771
1715,0.0371731862271
1716,0.0449086051771
1717,0.0526440241271
1718,0.0603794430771
1719,0.068114862027
1720,0.0726164737455
1721,0.389178943478
1722,0.38271249059
1723,0.375077260405
1724,0.367555508859
1725,0.360154345957
1726,0.352881359286
1727,0.345394790416
1728,0.335409743197
1729,0.325425614259
1730,0.315442490797
1731,0.305460471395
1732,0.295479667945
1733,0.285500207975
1734,0.275522237465
1735,0.265545924319
1736,0.255571462622
1737,0.245599077953
1738,0.235629034026
1739,0.225661641092
1740,0.21569726666
1741,0.205736349314
1742,0.195779416726
1743,0.185827109427
1744,0.175880212595
1745,0.165939699189
1746,0.15600678944
1747,0.146083034388
1748,0.136170435559
1749,0.126271620346
1750,0.116390105633
1751,0.106530705779
1752,0.0967001854092
1753,0.086908345069
1754,0.0771699101145
1755,0.0675079966488
1756,0.0579608850518
1757,0.0485962836073
1758,0.0395440686437
1759,0.0310784161333
1760,0.0233121980928
1761,0.0155767791428
1762,0.00784136019278
1763,0.000105941242781
1764,0.0076294777072
1765,0.0153648966572
1766,0.0231003156072
1767,0.0308357345572
1768,0.0385711535072
1769,0.0463065724572
1770,0.0540419914072
1771,0.0617774103572
1772,0.0662218296162
1773,0.382918040613
1774,0.376398216344
1775,0.368632226055
1776,0.360976202686
1777,0.353437292494
1778,0.346023150302
1779,0.338741968708
1780,0.331600037385
1781,0.324507246017
1782,0.316189959136
1783,0.306232305355
1784,0.296277504086
1785,0.286325852852
1786,0.276377691929
1787,0.266433412283
1788,0.256493465346
1789,0.246558375136
1790,0.236628753396
1791,0.226705318681
1792,0.216788920618
1793,0.206880571073
1794,0.196981484591
1795,0.187093131505
1796,0.177217308525
1797,0.1673562339
1798,0.157512677615
1799,0.147690142508
1800,0.137893120853
1801,0.128127465295
1802,0.118400937274
1803,0.108724038427
1804,0.0991113067027
1805,0.0895834008105
1806,0.0801705699445
1807,0.0709186496605
1808,0.0618998340396
1809,0.0532327346525
1810,0.0451204876627
1811,0.0373850687127
1812,0.0296496497627
1813,0.0219142308127
1814,0.0141788118627
1815,0.00644339291267
1816,0.00129202603731
1817,0.00902744498731
1818,0.0167628639373
1819,0.0244982828873
1820,0.0322337018373
1821,0.0399691207873
1822,0.0477045397373
1823,0.0554399586873
1824,0.0598294382053
1825,0.376818528496
1826,0.370246382941
1827,0.362348568232
1828,0.354556886436
1829,0.346878489588
1830,0.33932106825
1831,0.331892886603
1832,0.324602817297
1833,0.317457968706
1834,0.310365177338
1835,0.303272385969
1836,0.296179594601
1837,0.287497163933
1838,0.27759098302
1839,0.267691778803
1840,0.257800354971
1841,0.247917642792
1842,0.238044727293
1843,0.228182880113
1844,0.218333601081
1845,0.208498671328
1846,0.198680221788
1847,0.188880822516
1848,0.179103600463
1849,0.169352396745
1850,0.159631979464
1851,0.149948335943
1852,0.140309080378
1853,0.130724032301
1854,0.121206052677
1855,0.111772276482
1856,0.102445968073
1857,0.0932593746435
1858,0.0842582075726
1859,0.0755088082796
1860,0.0671097214438
1861,0.0591933582825
1862,0.0514579393325
1863,0.0437225203825
1864,0.0359871014325
1865,0.0282516824825
1866,0.0205162635325
1867,0.0127808445825
1868,0.00504542563254
1869,0.00268999331746
1870,0.0104254122675
1871,0.0181608312175
1872,0.0258962501674
1873,0.0336316691174
1874,0.0413670880674
1875,0.0491025070174
1876,0.0534404571363
1877,0.370888369134
1878,0.364265220539
1879,0.356234826643
1880,0.348306406104
1881,0.340487082505
1882,0.332784546173
1883,0.325207095543
1884,0.317763679187
1885,0.310463937729
1886,0.303315900027
1887,0.296223108658
1888,0.28913031729
1889,0.282037525922
1890,0.274944734553
1891,0.267851943185
1892,0.259486316174
1893,0.249670348391
1894,0.239869584254
1895,0.230085966618
1896,0.22032177972
1897,0.210579726478
1898,0.200863027429
1899,0.191175548574
1900,0.181521968249
1901,0.171907997317
1902,0.162340673049
1903,0.152828756163
1904,0.143383274111
1905,0.134018274423
1906,0.124751883608
1907,0.115607815688
1908,0.106617548427
1909,0.0978234952199
1910,0.0892836536074
1911,0.0810783903759
1912,0.0732662289024
1913,0.0655308099524
1914,0.0577953910024
1915,0.0500599720524
1916,0.0423245531024
1917,0.0345891341524
1918,0.0268537152024
1919,0.0191182962524
1920,0.0113828773024
1921,0.00364745835241
1922,0.00408796059759
1923,0.0118233795476
1924,0.0195587984976
1925,0.0272942174476
1926,0.0350296363976
1927,0.0427650553476
1928,0.0470570011505
1929,0.365135813293
1930,0.358463272467
1931,0.350299897983
1932,0.342234012551
1933,0.334272673376
1934,0.326423530073
1935,0.318694872574
1936,0.311095680819
1937,0.303635675512
1938,0.296325368915
1939,0.289173831348
1940,0.282081039979
1941,0.274988248611
1942,0.267895457243
1943,0.260802665874
1944,0.253709874506
1945,0.246617083138
1946,0.239524291769
1947,0.232404124948
1948,0.222741580935
1949,0.213110174468
1950,0.20351432639
1951,0.193959314369
1952,0.184451484719
1953,0.174998527992
1954,0.165609840843
1955,0.156297005629
1956,0.147074432016
1957,0.137960223026
1958,0.128977353523
1959,0.120155284138
1960,0.111532178723
1961,0.103157944314
1962,0.0950983494054
1963,0.0873390995222
1964,0.0796036805723
1965,0.0718682616223
1966,0.0641328426723
1967,0.0563974237223
1968,0.0486620047723
1969,0.0409265858223
1970,0.0331911668723
1971,0.0254557479223
1972,0.0177203289723
1973,0.0099849100223
1974,0.0022494910723
1975,0.0054859278777
1976,0.0132213468277
1977,0.0209567657777
1978,0.0286921847277
1979,0.0364276036777
1980,0.0406833890177
1981,0.359569384462
1982,0.352849379369
1983,0.344553022539
1984,0.33634935136
1985,0.328245315244
1986,0.320248478215
1987,0.312367073518
1988,0.304610061288
1989,0.296987188709
1990,0.289509051804
1991,0.282187157567
1992,0.275031762668
1993,0.2679389713
1994,0.260846179932
1995,0.253753388563
1996,0.246660597195
1997,0.239567805827
1998,0.232475014458
1999,0.22538222309
2000,0.218289431722
2001,0.211196640353
2002,0.204103848985
2003,0.197011057617
2004,0.187868239661
2005,0.178596220726
2006,0.169407038349
2007,0.160314937628
2008,0.151337417089
2009,0.142496134669
2010,0.133818096609
2011,0.125337215401
2012,0.117096337043
2013,0.109149836158
2014,0.101411970142
2015,0.0936765511921
2016,0.0859411322421
2017,0.0782057132921
2018,0.0704702943421
2019,0.0627348753921
2020,0.0549994564421
2021,0.0472640374921
2022,0.0395286185421
2023,0.0317931995921
2024,0.0240577806422
2025,0.0163223616922
2026,0.00858694274216
2027,0.000851523792156
2028,0.00688389515783
2029,0.0146193141078
2030,0.0223547330578
2031,0.0300901520078
2032,0.0343676098509
2033,0.3541978572
2034,0.347432657266
2035,0.339003764218
2036,0.330662445666
2037,0.322415498686
2038,0.314270352742
2039,0.306235130956
2040,0.298318715892
2041,0.290530819485
2042,0.282882056501
2043,0.275384020432
2044,0.268049360247
2045,0.260889693989
2046,0.253796902621
2047,0.246704111253
2048,0.239611319884
2049,0.232518528516
2050,0.225425737148
2051,0.218332945779
2052,0.211240154411
2053,0.204147363043
2054,0.197054571674
2055,0.189961780306
2056,0.182868988938
2057,0.175776197569
2058,0.168683406201
2059,0.161590614833
2060,0.154497823464
2061,0.147405032096
2062,0.139209943029
2063,0.131078384269
2064,0.123220259712
2065,0.115484840762
2066,0.107749421812
2067,0.100014002862
2068,0.092278583912
2069,0.084543164962
2070,0.076807746012
2071,0.069072327062
2072,0.061336908112
2073,0.053601489162
2074,0.045866070212
2075,0.038130651262
2076,0.030395232312
2077,0.022659813362
2078,0.014924394412
2079,0.00718897546203
2080,0.000546443487963
2081,0.00828186243796
2082,0.016017281388
2083,0.0245607596683
2084,0.0294906903884
2085,0.349030229215
2086,0.342222468795
2087,0.333661983102
2088,0.32518367085
2089,0.316794129691
2090,0.308500601986
2091,0.300311042497
2092,0.292234192155
2093,0.28427965788
2094,0.276457998082
2095,0.26878081316
2096,0.261260839665
2097,0.253912046114
2098,0.24674762531
2099,0.239654833942
2100,0.232562042573
2101,0.225469251205
2102,0.218376459837
2103,0.211283668468
2104,0.2041908771
2105,0.197098085732
2106,0.190005294363
2107,0.182912502995
2108,0.175819711627
2109,0.168726920258
2110,0.16163412889
2111,0.154541337522
2112,0.147448546153
2113,0.140355754785
2114,0.133262963417
2115,0.126170172048
2116,0.11907738068
2117,0.111984589312
2118,0.104891797943
2119,0.0977990065751
2120,0.0907062152068
2121,0.0836134238385
2122,0.0765206324701
2123,0.0694278411018
2124,0.0623350497335
2125,0.0552422583652
2126,0.0481494669968
2127,0.0410566756285
2128,0.0339638842602
2129,0.0268710928918
2130,0.0197783015235
2131,0.0126855101552
2132,0.00559271878686
2133,0.00234382142604
2134,0.0123354427332
2135,0.02233456505
2136,0.0274390099903
2137,0.344075686605
2138,0.337228386946
2139,0.328537799623
2140,0.319923719972
2141,0.311392497373
2142,0.302951131768
2143,0.294607347259
2144,0.286369673461
2145,0.278247534936
2146,0.270251348779
2147,0.262392630111
2148,0.254684104639
2149,0.247139826769
2150,0.239775300635
2151,0.232605556631
2152,0.225512765263
2153,0.218419973894
2154,0.211327182526
2155,0.204234391158
2156,0.197141599789
2157,0.190048808421
2158,0.182956017053
2159,0.175863225684
2160,0.168770434316
2161,0.161677642948
2162,0.154584851579
2163,0.147492060211
2164,0.140399268843
2165,0.133306477474
2166,0.126213686106
2167,0.119120894738
2168,0.112028103369
2169,0.104935312001
2170,0.0978425206326
2171,0.0907497292643
2172,0.0836569378959
2173,0.0765641465276
2174,0.0694713551593
2175,0.062378563791
2176,0.0552857724226
2177,0.0481929810543
2178,0.041100189686
2179,0.0340073983176
2180,0.0269146069493
2181,0.019821815581
2182,0.0127290242127
2183,0.00563623284433
2184,0.00145655852399
2185,0.00854934989233
2186,0.0157405536088
2187,0.0243601179281
2188,0.0279828696852
2189,0.339343561722
2190,0.332460150658
2191,0.32364154955
2192,0.314893558864
2193,0.306222230143
2194,0.29763426391
2195,0.289137088372
2196,0.280738947586
2197,0.272448999835
2198,0.264277426828
2199,0.256235554032
2200,0.248335982027
2201,0.240592728046
2202,0.233021375861
2203,0.225639230693
2204,0.218463487952
2205,0.211370696583
2206,0.204277905215
2207,0.197185113847
2208,0.190092322478
2209,0.18299953111
2210,0.175906739742
2211,0.168813948373
2212,0.161721157005
2213,0.154628365637
2214,0.147535574268
2215,0.1404427829
2216,0.133349991532
2217,0.126257200163
2218,0.119164408795
2219,0.112071617427
2220,0.104978826058
2221,0.0978860346901
2222,0.0907932433218
2223,0.0837004519534
2224,0.0766076605851
2225,0.0695148692168
2226,0.0624220778484
2227,0.0553292864801
2228,0.0482364951118
2229,0.0411437037435
2230,0.0340509123751
2231,0.0269581210068
2232,0.0198653296385
2233,0.0127725382701
2234,0.00567974690181
2235,0.00141304446652
2236,0.00850583583484
2237,0.0155986272032
2238,0.0226914185715
2239,0.0297511849645
2240,0.334843283274
2241,0.327927611813
2242,0.318983729065
2243,0.310104369895
2244,0.301295239005
2245,0.292562680236
2246,0.28391375924
2247,0.2753563573
2248,0.26689927749
2249,0.258552364414
2250,0.250326638542
2251,0.242234445905
2252,0.234289623335
2253,0.226507678505
2254,0.218905982653
2255,0.211503971737
2256,0.204321419272
2257,0.197228627904
2258,0.190135836536
2259,0.183043045168
2260,0.175950253799
2261,0.168857462431
2262,0.161764671063
2263,0.154671879694
2264,0.147579088326
2265,0.140486296958
2266,0.133393505589
2267,0.126300714221
2268,0.119207922853
2269,0.112115131484
2270,0.105022340116
2271,0.0979295487476
2272,0.0908367573792
2273,0.0837439660109
2274,0.0766511746426
2275,0.0695583832743
2276,0.0624655919059
2277,0.0553728005376
2278,0.0482800091693
2279,0.0411872178009
2280,0.0340944264326
2281,0.0270016350643
2282,0.0199088436959
2283,0.0128160523276
2284,0.00572326095929
2285,0.00136953040903
2286,0.00846232177737
2287,0.0155551131457
2288,0.022647904514
2289,0.0297406958824
2290,0.0366946974966
2291,0.33058431841
2292,0.323640673282
2293,0.314574929424
2294,0.305567483613
2295,0.296623646833
2296,0.287749350443
2297,0.2789512314
2298,0.270236730144
2299,0.26161420286
2300,0.253093049999
2301,0.244683862927
2302,0.236398590513
2303,0.228250727087
2304,0.220255522599
2305,0.212430214552
2306,0.204794279398
2307,0.197369698012
2308,0.190179350593
2309,0.183086559225
2310,0.175993767857
2311,0.168900976488
2312,0.16180818512
2313,0.154715393752
2314,0.147622602383
2315,0.140529811015
2316,0.133437019647
2317,0.126344228278
2318,0.11925143691
2319,0.112158645542
2320,0.105065854173
2321,0.097973062805
2322,0.0908802714367
2323,0.0837874800684
2324,0.0766946887001
2325,0.0696018973317
2326,0.0625091059634
2327,0.0554163145951
2328,0.0483235232268
2329,0.0412307318584
2330,0.0341379404901
2331,0.0270451491218
2332,0.0199523577534
2333,0.0128595663851
2334,0.00576677501678
2335,0.00132601635155
2336,0.00841880771988
2337,0.0155115990882
2338,0.0226043904565
2339,0.0296971818249
2340,0.0367899731932
2341,0.0436842918392
2342,0.326576106759
2343,0.319609217977
2344,0.310425760908
2345,0.301294297747
2346,0.292219702748
2347,0.283207442511
2348,0.274263662035
2349,0.265395284684
2350,0.256610128311
2351,0.247917040099
2352,0.239326052887
2353,0.230848565969
2354,0.222497553311
2355,0.214287801913
2356,0.206236182248
2357,0.198361951209
2358,0.190687085318
2359,0.183236637511
2360,0.176037281914
2361,0.168944490546
2362,0.161851699177
2363,0.154758907809
2364,0.147666116441
2365,0.140573325072
2366,0.133480533704
2367,0.126387742336
2368,0.119294950968
2369,0.112202159599
2370,0.105109368231
2371,0.0980165768625
2372,0.0909237854942
2373,0.0838309941259
2374,0.0767382027575
2375,0.0696454113892
2376,0.0625526200209
2377,0.0554598286526
2378,0.0483670372842
2379,0.0412742459159
2380,0.0341814545476
2381,0.0270886631792
2382,0.0199958718109
2383,0.0129030804426
2384,0.00581028907425
2385,0.00128250229407
2386,0.0083752936624
2387,0.0154680850307
2388,0.0225608763991
2389,0.0296536677674
2390,0.0367464591357
2391,0.0438392505041
2392,0.0506738796994
2393,0.322826886466
2394,0.315843029098
2395,0.30654676617
2396,0.297296183407
2397,0.288095681134
2398,0.278950214747
2399,0.269865379637
2400,0.260847510906
2401,0.251903800617
2402,0.24304243577
2403,0.234272760696
2404,0.225605468071
2405,0.217052823163
2406,0.208628926236
2407,0.200350017923
2408,0.192234831654
2409,0.184304995376
2410,0.176585481113
2411,0.169105094421
2412,0.161895213235
2413,0.154802421867
2414,0.147709630498
2415,0.14061683913
2416,0.133524047762
2417,0.126431256393
2418,0.119338465025
2419,0.112245673657
2420,0.105152882288
2421,0.09806009092
2422,0.0909672995517
2423,0.0838745081833
2424,0.076781716815
2425,0.0696889254467
2426,0.0625961340784
2427,0.05550334271
2428,0.0484105513417
2429,0.0413177599734
2430,0.0342249686051
2431,0.0271321772367
2432,0.0200393858684
2433,0.0129465945001
2434,0.00585380313173
2435,0.0012389882366
2436,0.00833177960492
2437,0.0154245709733
2438,0.0225173623416
2439,0.0296101537099
2440,0.0367029450782
2441,0.0437957364466
2442,0.0508885278149
2443,0.0576634607201
2444,0.319703813933
2445,0.311917010121
2446,0.302948323419
2447,0.293584378811
2448,0.284263765368
2449,0.27499088916
2450,0.265770746961
2451,0.256609023145
2452,0.247512204909
2453,0.238487719596
2454,0.229544098634
2455,0.220691173446
2456,0.211940309655
2457,0.203304686802
2458,0.194799631661
2459,0.186443013585
2460,0.178255709962
2461,0.170262147741
2462,0.162490922124
2463,0.154975483842
2464,0.147753144556
2465,0.140660353187
2466,0.133567561819
2467,0.126474770451
2468,0.119381979082
2469,0.112289187714
2470,0.105196396346
2471,0.0981036049775
2472,0.0910108136092
2473,0.0839180222408
2474,0.0768252308725
2475,0.0697324395042
2476,0.0626396481358
2477,0.0555468567675
2478,0.0484540653992
2479,0.0413612740309
2480,0.0342684826625
2481,0.0271756912942
2482,0.0200828999259
2483,0.0129901085575
2484,0.00589731718921
2485,0.00119547417912
2486,0.00828826554745
2487,0.0153810569158
2488,0.0224738482841
2489,0.0295666396524
2490,0.0366594310208
2491,0.0437522223891
2492,0.0508450137574
2493,0.0579378051258
2494,0.0646530345171
2495,0.306294524885
2496,0.299044824513
2497,0.290145196416
2498,0.280735917038
2499,0.271342506685
2500,0.26199400137
2501,0.252695384946
2502,0.243452373972
2503,0.234271550155
2504,0.225160520588
2505,0.216128112125
2506,0.207184607705
2507,0.198342034096
2508,0.18961451239
2509,0.181018684472
2510,0.172574230253
2511,0.164304491013
2512,0.156237212553
2513,0.148405415689
2514,0.140848387371
2515,0.133611075877
2516,0.126518284508
2517,0.11942549314
2518,0.112332701772
2519,0.105239910403
2520,0.098147119035
2521,0.0910543276666
2522,0.0839615362983
2523,0.07686874493
2524,0.0697759535616
2525,0.0626831621933
2526,0.055590370825
2527,0.0484975794567
2528,0.0414047880883
2529,0.03431199672
2530,0.0272192053517
2531,0.0201264139834
2532,0.013033622615
2533,0.00594083124669
2534,0.00115196012164
2535,0.00824475148997
2536,0.0153375428583
2537,0.0224303342266
2538,0.029523125595
2539,0.0366159169633
2540,0.0437087083316
2541,0.0508014996999
2542,0.0578942910683
2543,0.0649870824366
2544,0.0716426006774
2545,0.285834278061
2546,0.277346987763
2547,0.268017765732
2548,0.258549073809
2549,0.249121906677
2550,0.239741162936
2551,0.230412512736
2552,0.221142548698
2553,0.211938971556
2554,0.202810819444
2555,0.193768752132
2556,0.184825404429
2557,0.175995826489
2558,0.167298032747
2559,0.15875368525
2560,0.150388940417
2561,0.142235488607
2562,0.134331809482
2563,0.126724645819
2564,0.119469007197
2565,0.112376215829
2566,0.105283424461
2567,0.0981906330924
2568,0.0910978417241
2569,0.0840050503558
2570,0.0769122589875
2571,0.0698194676191
2572,0.0627266762508
2573,0.0556338848825
2574,0.0485410935141
2575,0.0414483021458
2576,0.0343555107775
2577,0.0272627194092
2578,0.0201699280408
2579,0.0130771366725
2580,0.00598434530417
2581,0.00110844606416
2582,0.00820123743249
2583,0.0152940288008
2584,0.0223868201691
2585,0.0294796115375
2586,0.0365724029058
2587,0.0436651942741
2588,0.0507579856425
2589,0.0578507770108
2590,0.0649435683791
2591,0.0720363597474
2592,0.0786321587553
2593,0.272624408467
2594,0.264619506826
2595,0.255449389079
2596,0.245903418439
2597,0.236394991528
2598,0.226928827695
2599,0.217510444941
2600,0.208146329484
2601,0.19884414826
2602,0.189613016738
2603,0.180463838305
2604,0.171409736466
2605,0.162466607568
2606,0.153653829741
2607,0.144995173069
2608,0.136519965693
2609,0.128264577542
2610,0.120274281006
2611,0.112605521583
2612,0.105326938518
2613,0.0982341471499
2614,0.0911413557816
2615,0.0840485644133
2616,0.0769557730449
2617,0.0698629816766
2618,0.0627701903083
2619,0.0556773989399
2620,0.0485846075716
2621,0.0414918162033
2622,0.034399024835
2623,0.0273062334666
2624,0.0202134420983
2625,0.01312065073
2626,0.00602785936166
2627,0.00106493200668
2628,0.00815772337501
2629,0.0152505147433
2630,0.0223433061117
2631,0.02943609748
2632,0.0365288888483
2633,0.0436216802166
2634,0.050714471585
2635,0.0578072629533
2636,0.0649000543216
2637,0.07199284569
2638,0.0790856370583
2639,0.0855868365252
2640,0.259534961277
2641,0.252076358847
2642,0.243053777931
2643,0.23342955861
2644,0.223838021016
2645,0.214283831569
2646,0.204772218065
2647,0.195309400979
2648,0.185902831958
2649,0.176561501323
2650,0.167296337583
2651,0.158120730419
2652,0.149051220081
2653,0.140108411692
2654,0.131318193128
2655,0.122713359769
2656,0.114335775176
2657,0.10623921265
2658,0.0984930003799
2659,0.0911848698391
2660,0.0840920784707
2661,0.0769992871024
2662,0.0699064957341
2663,0.0628137043658
2664,0.0557209129974
2665,0.0486281216291
2666,0.0415353302608
2667,0.0344425388924
2668,0.0273497475241
2669,0.0202569561558
2670,0.0131641647875
2671,0.00607137341912
2672,0.00102141794919
2673,0.00811420931753
2674,0.0152070006859
2675,0.0222997920542
2676,0.0293925834225
2677,0.0364853747908
2678,0.0435781661592
2679,0.0506709575275
2680,0.0577637488958
2681,0.0648565402642
2682,0.0719493316325
2683,0.0790421230008
2684,0.0856433492762
2685,0.0893295888755
2686,0.239491597066
2687,0.230754521016
2688,0.221156565505
2689,0.211481269349
2690,0.20183762807
2691,0.192230405826
2692,0.18266534905
2693,0.173149445748
2694,0.163691268497
2695,0.154301432922
2696,0.144993217155
2697,0.135783407825
2698,0.126693467313
2699,0.117751159142
2700,0.108992826822
2701,0.100466597026
2702,0.092236857803
2703,0.0843903949318
2704,0.0770428011599
2705,0.0699500097916
2706,0.0628572184232
2707,0.0557644270549
2708,0.0486716356866
2709,0.0415788443182
2710,0.0344860529499
2711,0.0273932615816
2712,0.0203004702133
2713,0.0132076788449
2714,0.00611488747661
2715,0.000977903891725
2716,0.00807069526004
2717,0.0151634866284
2718,0.0222562779967
2719,0.029349069365
2720,0.0364418607334
2721,0.0435346521017
2722,0.05062744347
2723,0.0577202348383
2724,0.0648130262067
2725,0.071905817575
2726,0.0789986089433
2727,0.0851813799974
2728,0.0884664783271
2729,0.226732395887
2730,0.218548614028
2731,0.209119808002
2732,0.199361969589
2733,0.189629364123
2734,0.179926086372
2735,0.170257150735
2736,0.160628758931
2737,0.151048664394
2738,0.141526675346
2739,0.132075359753
2740,0.122711048701
2741,0.113455287637
2742,0.104336969058
2743,0.0953955131624
2744,0.0866856663521
2745,0.0782847722759
2746,0.0703036726613
2747,0.0629007324807
2748,0.0558079411124
2749,0.0487151497441
2750,0.0416223583758
2751,0.0345295670074
2752,0.0274367756391
2753,0.0203439842708
2754,0.0132511929024
2755,0.0061584015341
2756,0.00093438983422
2757,0.00802718120255
2758,0.0151199725709
2759,0.0222127639392
2760,0.0293055553075
2761,0.0363983466759
2762,0.0434911380442
2763,0.0505839294125
2764,0.0576767207808
2765,0.0647695121492
2766,0.0718623035175
2767,0.0789550948858
2768,0.0846164192691
2769,0.0876033677788
2770,0.214153822108
2771,0.206498667544
2772,0.197329380316
2773,0.187518640033
2774,0.177708084708
2775,0.167911477243
2776,0.158140333278
2777,0.148399682711
2778,0.138695950367
2779,0.129037465364
2780,0.119435205391
2781,0.109903908512
2782,0.100463774196
2783,0.0911431332853
2784,0.0819827516276
2785,0.0730429488987
2786,0.0644156285633
2787,0.0562447688464
2788,0.0487586638015
2789,0.0416658724332
2790,0.0345730810649
2791,0.0274802896965
2792,0.0203874983282
2793,0.0132947069599
2794,0.00620191559156
2795,0.000890875776766
2796,0.00798366714509
2797,0.0150764585134
2798,0.0221692498817
2799,0.0292620412501
2800,0.0363548326184
2801,0.0434476239867
2802,0.0505404153551
2803,0.0576332067234
2804,0.0647259980917
2805,0.07181878946
2806,0.0789098509241
2807,0.0839322494083
2808,0.0867402572305
2809,0.201611097622
2810,0.194481939474
2811,0.185545991333
2812,0.175771569431
2813,0.165960829148
2814,0.156150088866
2815,0.146339348583
2816,0.1365286083
2817,0.126717931963
2818,0.116925339856
2819,0.107171059152
2820,0.0974665929394
2821,0.0878284552898
2822,0.0782811495698
2823,0.0688624658094
2824,0.0596333800546
2825,0.050697542703
2826,0.0422414684345
2827,0.0346165951224
2828,0.027523803754
2829,0.0204310123857
2830,0.0133382210174
2831,0.00624542964905
2832,0.000847361719287
2833,0.00794015308762
2834,0.0150329444559
2835,0.0221257358243
2836,0.0292185271926
2837,0.0363113185609
2838,0.0434041099293
2839,0.0504969012976
2840,0.0575896926659
2841,0.0646824840342
2842,0.0717752754026
2843,0.0787483863839
2844,0.0831251811728
2845,0.18202650837
2846,0.173605255951
2847,0.164024498829
2848,0.154213758547
2849,0.144403018264
2850,0.134592277981
2851,0.124781537698
2852,0.114970797416
2853,0.105160057133
2854,0.09534931685
2855,0.0855385765672
2856,0.0757278362845
2857,0.0659454775621
2858,0.056239726442
2859,0.0466584145644
2860,0.0372975665298
2861,0.0283762099024
2862,0.0204745264432
2863,0.0133817350748
2864,0.00628894370652
2865,0.000803847661802
2866,0.00789663903014
2867,0.0149894303985
2868,0.0220822217668
2869,0.0291750131351
2870,0.0362678045034
2871,0.0433605958718
2872,0.0504533872401
2873,0.0575461786084
2874,0.0646389699768
2875,0.0717317613451
2876,0.0784362923136
2877,0.0822620706245
2878,0.169483783884
2879,0.161580446024
2880,0.152277428228
2881,0.142466687945
2882,0.132655947662
2883,0.122845207379
2884,0.113034467097
2885,0.103223726814
2886,0.093412986531
2887,0.0836022462482
2888,0.0737915059655
2889,0.0639807656827
2890,0.0541700254
2891,0.0443592851172
2892,0.0345485448344
2893,0.0247378045517
2894,0.0150358545265
2895,0.00633245776398
2896,0.000760333604348
2897,0.00785312497267
2898,0.014945916341
2899,0.0220387077093
2900,0.0291314990777
2901,0.036224290446
2902,0.0433170818143
2903,0.0504098731826
2904,0.057502664551
2905,0.0645954559193
2906,0.0716882472876
2907,0.0780057999358
2908,0.0813989600761
2909,0.156941059398
2910,0.149581304538
2911,0.140529418306
2912,0.130719617343
2913,0.12090887706
2914,0.111098136778
2915,0.101287396495
2916,0.091476656212
2917,0.0816659159293
2918,0.0718551756465
2919,0.0620444353638
2920,0.052233695081
2921,0.0424229547982
2922,0.0326122145155
2923,0.0228014742327
2924,0.01299073395
2925,0.00317999366718
2926,0.00663074661558
2927,0.0149024022835
2928,0.0219951936518
2929,0.0290879850202
2930,0.0361807763885
2931,0.0432735677568
2932,0.0503663591251
2933,0.0574591504935
2934,0.0645519418618
2935,0.0716447332301
2936,0.077471578883
2937,0.0805358495278
2938,0.137356470147
2939,0.12866227683
2940,0.118972546741
2941,0.109161806459
2942,0.0993510661758
2943,0.0895403258931
2944,0.0797295856103
2945,0.0699188453276
2946,0.0601081050448
2947,0.050297364762
2948,0.0404866244793
2949,0.0306758841965
2950,0.0208651439137
2951,0.011054403631
2952,0.00124366334822
2953,0.00856707693455
2954,0.0183778172173
2955,0.0281885575001
2956,0.036137262331
2957,0.0432300536993
2958,0.0503228450677
2959,0.057415636436
2960,0.0645084278043
2961,0.0716012191727
2962,0.0768265717357
2963,0.0796727389795
2964,0.124813745661
2965,0.116666554301
2966,0.10722547614
2967,0.0974147358569
2968,0.0876039955741
2969,0.0777932552913
2970,0.0679825150086
2971,0.0581717747258
2972,0.0483610344431
2973,0.0385502941603
2974,0.0287395538775
2975,0.0189288135948
2976,0.00911807331202
2977,0.000692666970754
2978,0.0105034072535
2979,0.0203141475363
2980,0.030124887819
2981,0.0399356281018
2982,0.0497463683846
2983,0.0573721223785
2984,0.0644649137469
2985,0.0714906365793
2986,0.0760550707747
2987,0.0788096284311
2988,0.112271021175
2989,0.104637287421
2990,0.0954784055379
2991,0.0856676652552
2992,0.0758569249724
2993,0.0660461846896
2994,0.0562354444069
2995,0.0464247041241
2996,0.0366139638413
2997,0.0268032235586
2998,0.0169924832758
2999,0.00718174299306
3000,0.00262899728971
3001,0.0124397375725
3002,0.0222504778552
3003,0.032061218138
3004,0.0418719584208
3005,0.0516826987035
3006,0.0614934389863
3007,0.0710627446899
3008,0.0751945523734
3009,0.0997282966888
3010,0.0926131734206
3011,0.0836900287327
3012,0.0739205946534
3013,0.0641098543707
3014,0.0542991140879
3015,0.0444883738051
3016,0.0346776335224
3017,0.0248668932396
3018,0.0150561529568
3019,0.00524541267409
3020,0.00456532760868
3021,0.0143760678914
3022,0.0241868081742
3023,0.033997548457
3024,0.0438082887397
3025,0.0536190290225
3026,0.0629054900437
3027,0.0698608876834
3028,0.0801437074375
3029,0.0717441902128
3030,0.0621735240517
3031,0.0523627837689
3032,0.0425520434862
3033,0.0327413032034
3034,0.0229305629207
3035,0.0131198226379
3036,0.00330908235513
3037,0.00650165792764
3038,0.0163123982104
3039,0.0261231384932
3040,0.0359338787759
3041,0.0457446190587
3042,0.0546758466369
3043,0.0612665069359
3044,0.0676009829514
3045,0.0597179510437
3046,0.05042645345
3047,0.0406157131672
3048,0.0308049728844
3049,0.0209942326017
3050,0.0111834923189
3051,0.00137275203616
3052,0.00843798824661
3053,0.0182487285294
3054,0.0280594688121
3055,0.0378702090949
3056,0.0463909123763
3057,0.0526721261883
3058,0.0550591897885
3059,0.0477488558534
3060,0.0387072127113
3061,0.0288686425655
3062,0.0190579022827
3063,0.00924716199995
3064,0.000563578282803
3065,0.0103743185656
3066,0.0201850588483
3067,0.0299720501744
3068,0.0380410284339
3069,0.0440777454408
3070,0.0364844948122
3071,0.0283351606163
3072,0.018676193612
3073,0.00916293997359
3074,0.00437249700809
3075,0.012420869181
3076,0.0219465297516
3077,0.0294858030059
3078,0.0276711647273
3079,0.0222456995668
3080,0.0162490054359
3081,0.0141134488621
3082,0.0177526735887
3083,0.0220594795774
3084,0.0247338393372
3085,0.0239311296648
3086,0.0233086030491
3087,0.0221579906371
3088,0.0294843469434
3089,0.0296848257365
