DN,X
1,127.76402335
2,127.76402335
3,127.76402335
4,127.76402335
5,127.77402335
6,127.77402335
7,127.77402335
8,127.77402335
9,127.77402335
10,127.77402335
11,127.78402335
12,127.78402335
13,127.78402335
14,127.78402335
15,127.78402335
16,127.78402335
17,127.78402335
18,127.78402335
19,127.78402335
20,127.79402335
21,127.79402335
22,127.79402335
23,127.79402335
24,127.79402335
25,127.79402335
26,127.79402335
27,127.79402335
28,127.79402335
29,127.79402335
30,127.79402335
31,127.79402335
32,127.80402335
33,127.80402335
34,127.80402335
35,127.80402335
36,127.80402335
37,127.80402335
38,127.80402335
39,127.80402335
40,127.80402335
41,127.80402335
42,127.80402335
43,127.80402335
44,127.80402335
45,127.80402335
46,127.81402335
47,127.81402335
48,127.81402335
49,127.81402335
50,127.81402335
51,127.81402335
52,127.81402335
53,127.81402335
54,127.81402335
55,127.81402335
56,127.81402335
57,127.81402335
58,127.81402335
59,127.81402335
60,127.81402335
61,127.81402335
62,127.81402335
63,127.82402335
64,127.82402335
65,127.82402335
66,127.82402335
67,127.82402335
68,127.82402335
69,127.82402335
70,127.82402335
71,127.82402335
72,127.82402335
73,127.82402335
74,127.82402335
75,127.82402335
76,127.82402335
77,127.82402335
78,127.82402335
79,127.82402335
80,127.82402335
81,127.82402335
82,127.82402335
83,127.83402335
84,127.83402335
85,127.83402335
86,127.83402335
87,127.83402335
88,127.83402335
89,127.83402335
90,127.83402335
91,127.83402335
92,127.83402335
93,127.83402335
94,127.83402335
95,127.83402335
96,127.83402335
97,127.83402335
98,127.83402335
99,127.83402335
100,127.83402335
101,127.83402335
102,127.83402335
103,127.83402335
104,127.83402335
105,127.84402335
106,127.84402335
107,127.84402335
108,127.84402335
109,127.84402335
110,127.84402335
111,127.84402335
112,127.84402335
113,127.84402335
114,127.84402335
115,127.84402335
116,127.84402335
117,127.84402335
118,127.84402335
119,127.84402335
120,127.84402335
121,127.84402335
122,127.84402335
123,127.84402335
124,127.84402335
125,127.84402335
126,127.84402335
127,127.84402335
128,127.84402335
129,127.84402335
130,127.85402335
131,127.85402335
132,127.85402335
133,127.85402335
134,127.85402335
135,127.85402335
136,127.85402335
137,127.85402335
138,127.85402335
139,127.85402335
140,127.85402335
141,127.85402335
142,127.85402335
143,127.85402335
144,127.85402335
145,127.85402335
146,127.85402335
147,127.85402335
148,127.85402335
149,127.85402335
150,127.85402335
151,127.85402335
152,127.85402335
153,127.85402335
154,127.85402335
155,127.85402335
156,127.85402335
157,127.85402335
158,127.86402335
159,127.86402335
160,127.86402335
161,127.86402335
162,127.86402335
163,127.86402335
164,127.86402335
165,127.86402335
166,127.86402335
167,127.86402335
168,127.86402335
169,127.86402335
170,127.86402335
171,127.86402335
172,127.86402335
173,127.86402335
174,127.86402335
175,127.86402335
176,127.86402335
177,127.86402335
178,127.86402335
179,127.86402335
180,127.86402335
181,127.86402335
182,127.86402335
183,127.86402335
184,127.86402335
185,127.86402335
186,127.86402335
187,127.86402335
188,127.86402335
189,127.87402335
190,127.87402335
191,127.87402335
192,127.87402335
193,127.87402335
194,127.87402335
195,127.87402335
196,127.87402335
197,127.87402335
198,127.87402335
199,127.87402335
200,127.87402335
201,127.87402335
202,127.87402335
203,127.87402335
204,127.87402335
205,127.87402335
206,127.87402335
207,127.87402335
208,127.87402335
209,127.87402335
210,127.87402335
211,127.87402335
212,127.87402335
213,127.87402335
214,127.87402335
215,127.87402335
216,127.87402335
217,127.87402335
218,127.87402335
219,127.87402335
220,127.87402335
221,127.87402335
222,127.87402335
223,127.88402335
224,127.88402335
225,127.88402335
226,127.88402335
227,127.88402335
228,127.88402335
229,127.88402335
230,127.88402335
231,127.88402335
232,127.88402335
233,127.88402335
234,127.88402335
235,127.88402335
236,127.88402335
237,127.88402335
238,127.88402335
239,127.88402335
240,127.88402335
241,127.88402335
242,127.88402335
243,127.88402335
244,127.88402335
245,127.88402335
246,127.88402335
247,127.88402335
248,127.88402335
249,127.88402335
250,127.88402335
251,127.88402335
252,127.88402335
253,127.88402335
254,127.88402335
255,127.88402335
256,127.88402335
257,127.88402335
258,127.88402335
259,127.89402335
260,127.89402335
261,127.89402335
262,127.89402335
263,127.89402335
264,127.89402335
265,127.89402335
266,127.89402335
267,127.89402335
268,127.89402335
269,127.89402335
270,127.89402335
271,127.89402335
272,127.89402335
273,127.89402335
274,127.89402335
275,127.89402335
276,127.89402335
277,127.89402335
278,127.89402335
279,127.89402335
280,127.89402335
281,127.89402335
282,127.89402335
283,127.89402335
284,127.89402335
285,127.89402335
286,127.89402335
287,127.89402335
288,127.89402335
289,127.89402335
290,127.89402335
291,127.89402335
292,127.89402335
293,127.89402335
294,127.89402335
295,127.89402335
296,127.89402335
297,127.90402335
298,127.90402335
299,127.90402335
300,127.90402335
301,127.90402335
302,127.90402335
303,127.90402335
304,127.90402335
305,127.90402335
306,127.90402335
307,127.90402335
308,127.90402335
309,127.90402335
310,127.90402335
311,127.90402335
312,127.90402335
313,127.90402335
314,127.90402335
315,127.90402335
316,127.90402335
317,127.90402335
318,127.90402335
319,127.90402335
320,127.90402335
321,127.90402335
322,127.90402335
323,127.90402335
324,127.90402335
325,127.90402335
326,127.90402335
327,127.90402335
328,127.90402335
329,127.90402335
330,127.90402335
331,127.90402335
332,127.90402335
333,127.90402335
334,127.90402335
335,127.90402335
336,127.90402335
337,127.90402335
338,127.91402335
339,127.91402335
340,127.91402335
341,127.91402335
342,127.91402335
343,127.91402335
344,127.91402335
345,127.91402335
346,127.91402335
347,127.91402335
348,127.91402335
349,127.91402335
350,127.91402335
351,127.91402335
352,127.91402335
353,127.91402335
354,127.91402335
355,127.91402335
356,127.91402335
357,127.91402335
358,127.91402335
359,127.91402335
360,127.91402335
361,127.91402335
362,127.91402335
363,127.91402335
364,127.91402335
365,127.91402335
366,127.91402335
367,127.91402335
368,127.91402335
369,127.91402335
370,127.91402335
371,127.91402335
372,127.91402335
373,127.91402335
374,127.91402335
375,127.91402335
376,127.91402335
377,127.91402335
378,127.91402335
379,127.91402335
380,127.91402335
381,127.91402335
382,127.92402335
383,127.92402335
384,127.92402335
385,127.92402335
386,127.92402335
387,127.92402335
388,127.92402335
389,127.92402335
390,127.92402335
391,127.92402335
392,127.92402335
393,127.92402335
394,127.92402335
395,127.92402335
396,127.92402335
397,127.92402335
398,127.92402335
399,127.92402335
400,127.92402335
401,127.92402335
402,127.92402335
403,127.92402335
404,127.92402335
405,127.92402335
406,127.92402335
407,127.92402335
408,127.92402335
409,127.92402335
410,127.92402335
411,127.92402335
412,127.92402335
413,127.92402335
414,127.92402335
415,127.92402335
416,127.92402335
417,127.92402335
418,127.92402335
419,127.92402335
420,127.92402335
421,127.92402335
422,127.92402335
423,127.92402335
424,127.92402335
425,127.92402335
426,127.92402335
427,127.92402335
428,127.92402335
429,127.93402335
430,127.93402335
431,127.93402335
432,127.93402335
433,127.93402335
434,127.93402335
435,127.93402335
436,127.93402335
437,127.93402335
438,127.93402335
439,127.93402335
440,127.93402335
441,127.93402335
442,127.93402335
443,127.93402335
444,127.93402335
445,127.93402335
446,127.93402335
447,127.93402335
448,127.93402335
449,127.93402335
450,127.93402335
451,127.93402335
452,127.93402335
453,127.93402335
454,127.93402335
455,127.93402335
456,127.93402335
457,127.93402335
458,127.93402335
459,127.93402335
460,127.93402335
461,127.93402335
462,127.93402335
463,127.93402335
464,127.93402335
465,127.93402335
466,127.93402335
467,127.93402335
468,127.93402335
469,127.93402335
470,127.93402335
471,127.93402335
472,127.93402335
473,127.93402335
474,127.93402335
475,127.93402335
476,127.93402335
477,127.93402335
478,127.94402335
479,127.94402335
480,127.94402335
481,127.94402335
482,127.94402335
483,127.94402335
484,127.94402335
485,127.94402335
486,127.94402335
487,127.94402335
488,127.94402335
489,127.94402335
490,127.94402335
491,127.94402335
492,127.94402335
493,127.94402335
494,127.94402335
495,127.94402335
496,127.94402335
497,127.94402335
498,127.94402335
499,127.94402335
500,127.94402335
501,127.94402335
502,127.94402335
503,127.94402335
504,127.94402335
505,127.94402335
506,127.94402335
507,127.94402335
508,127.94402335
509,127.94402335
510,127.94402335
511,127.94402335
512,127.94402335
513,127.94402335
514,127.94402335
515,127.94402335
516,127.94402335
517,127.94402335
518,127.94402335
519,127.94402335
520,127.94402335
521,127.94402335
522,127.94402335
523,127.94402335
524,127.94402335
525,127.94402335
526,127.94402335
527,127.94402335
528,127.95402335
529,127.95402335
530,127.95402335
531,127.95402335
532,127.95402335
533,127.95402335
534,127.95402335
535,127.95402335
536,127.95402335
537,127.95402335
538,127.95402335
539,127.95402335
540,127.95402335
541,127.95402335
542,127.95402335
543,127.95402335
544,127.95402335
545,127.95402335
546,127.95402335
547,127.95402335
548,127.95402335
549,127.95402335
550,127.95402335
551,127.95402335
552,127.95402335
553,127.95402335
554,127.95402335
555,127.95402335
556,127.95402335
557,127.95402335
558,127.95402335
559,127.95402335
560,127.95402335
561,127.95402335
562,127.95402335
563,127.95402335
564,127.95402335
565,127.95402335
566,127.95402335
567,127.95402335
568,127.95402335
569,127.95402335
570,127.95402335
571,127.95402335
572,127.95402335
573,127.95402335
574,127.95402335
575,127.95402335
576,127.95402335
577,127.95402335
578,127.96402335
579,127.96402335
580,127.96402335
581,127.96402335
582,127.96402335
583,127.96402335
584,127.96402335
585,127.96402335
586,127.96402335
587,127.96402335
588,127.96402335
589,127.96402335
590,127.96402335
591,127.96402335
592,127.96402335
593,127.96402335
594,127.96402335
595,127.96402335
596,127.96402335
597,127.96402335
598,127.96402335
599,127.96402335
600,127.96402335
601,127.96402335
602,127.96402335
603,127.96402335
604,127.96402335
605,127.96402335
606,127.96402335
607,127.96402335
608,127.96402335
609,127.96402335
610,127.96402335
611,127.96402335
612,127.96402335
613,127.96402335
614,127.96402335
615,127.96402335
616,127.96402335
617,127.96402335
618,127.96402335
619,127.96402335
620,127.96402335
621,127.96402335
622,127.96402335
623,127.96402335
624,127.96402335
625,127.96402335
626,127.96402335
627,127.96402335
628,127.96402335
629,127.97402335
630,127.97402335
631,127.97402335
632,127.97402335
633,127.97402335
634,127.97402335
635,127.97402335
636,127.97402335
637,127.97402335
638,127.97402335
639,127.97402335
640,127.97402335
641,127.97402335
642,127.97402335
643,127.97402335
644,127.97402335
645,127.97402335
646,127.97402335
647,127.97402335
648,127.97402335
649,127.97402335
650,127.97402335
651,127.97402335
652,127.97402335
653,127.97402335
654,127.97402335
655,127.97402335
656,127.97402335
657,127.97402335
658,127.97402335
659,127.97402335
660,127.97402335
661,127.97402335
662,127.97402335
663,127.97402335
664,127.97402335
665,127.97402335
666,127.97402335
667,127.97402335
668,127.97402335
669,127.97402335
670,127.97402335
671,127.97402335
672,127.97402335
673,127.97402335
674,127.97402335
675,127.97402335
676,127.97402335
677,127.97402335
678,127.97402335
679,127.97402335
680,127.97402335
681,127.98402335
682,127.98402335
683,127.98402335
684,127.98402335
685,127.98402335
686,127.98402335
687,127.98402335
688,127.98402335
689,127.98402335
690,127.98402335
691,127.98402335
692,127.98402335
693,127.98402335
694,127.98402335
695,127.98402335
696,127.98402335
697,127.98402335
698,127.98402335
699,127.98402335
700,127.98402335
701,127.98402335
702,127.98402335
703,127.98402335
704,127.98402335
705,127.98402335
706,127.98402335
707,127.98402335
708,127.98402335
709,127.98402335
710,127.98402335
711,127.98402335
712,127.98402335
713,127.98402335
714,127.98402335
715,127.98402335
716,127.98402335
717,127.98402335
718,127.98402335
719,127.98402335
720,127.98402335
721,127.98402335
722,127.98402335
723,127.98402335
724,127.98402335
725,127.98402335
726,127.98402335
727,127.98402335
728,127.98402335
729,127.98402335
730,127.98402335
731,127.98402335
732,127.98402335
733,127.99402335
734,127.99402335
735,127.99402335
736,127.99402335
737,127.99402335
738,127.99402335
739,127.99402335
740,127.99402335
741,127.99402335
742,127.99402335
743,127.99402335
744,127.99402335
745,127.99402335
746,127.99402335
747,127.99402335
748,127.99402335
749,127.99402335
750,127.99402335
751,127.99402335
752,127.99402335
753,127.99402335
754,127.99402335
755,127.99402335
756,127.99402335
757,127.99402335
758,127.99402335
759,127.99402335
760,127.99402335
761,127.99402335
762,127.99402335
763,127.99402335
764,127.99402335
765,127.99402335
766,127.99402335
767,127.99402335
768,127.99402335
769,127.99402335
770,127.99402335
771,127.99402335
772,127.99402335
773,127.99402335
774,127.99402335
775,127.99402335
776,127.99402335
777,127.99402335
778,127.99402335
779,127.99402335
780,127.99402335
781,127.99402335
782,127.99402335
783,127.99402335
784,127.99402335
785,128.00402335
786,128.00402335
787,128.00402335
788,128.00402335
789,128.00402335
790,128.00402335
791,128.00402335
792,128.00402335
793,128.00402335
794,128.00402335
795,128.00402335
796,128.00402335
797,128.00402335
798,128.00402335
799,128.00402335
800,128.00402335
801,128.00402335
802,128.00402335
803,128.00402335
804,128.00402335
805,128.00402335
806,128.00402335
807,128.00402335
808,128.00402335
809,128.00402335
810,128.00402335
811,128.00402335
812,128.00402335
813,128.00402335
814,128.00402335
815,128.00402335
816,128.00402335
817,128.00402335
818,128.00402335
819,128.00402335
820,128.00402335
821,128.00402335
822,128.00402335
823,128.00402335
824,128.00402335
825,128.00402335
826,128.00402335
827,128.00402335
828,128.00402335
829,128.00402335
830,128.00402335
831,128.00402335
832,128.00402335
833,128.00402335
834,128.00402335
835,128.00402335
836,128.00402335
837,128.01402335
838,128.01402335
839,128.01402335
840,128.01402335
841,128.01402335
842,128.01402335
843,128.01402335
844,128.01402335
845,128.01402335
846,128.01402335
847,128.01402335
848,128.01402335
849,128.01402335
850,128.01402335
851,128.01402335
852,128.01402335
853,128.01402335
854,128.01402335
855,128.01402335
856,128.01402335
857,128.01402335
858,128.01402335
859,128.01402335
860,128.01402335
861,128.01402335
862,128.01402335
863,128.01402335
864,128.01402335
865,128.01402335
866,128.01402335
867,128.01402335
868,128.01402335
869,128.01402335
870,128.01402335
871,128.01402335
872,128.01402335
873,128.01402335
874,128.01402335
875,128.01402335
876,128.01402335
877,128.01402335
878,128.01402335
879,128.01402335
880,128.01402335
881,128.01402335
882,128.01402335
883,128.01402335
884,128.01402335
885,128.01402335
886,128.01402335
887,128.01402335
888,128.01402335
889,128.02402335
890,128.02402335
891,128.02402335
892,128.02402335
893,128.02402335
894,128.02402335
895,128.02402335
896,128.02402335
897,128.02402335
898,128.02402335
899,128.02402335
900,128.02402335
901,128.02402335
902,128.02402335
903,128.02402335
904,128.02402335
905,128.02402335
906,128.02402335
907,128.02402335
908,128.02402335
909,128.02402335
910,128.02402335
911,128.02402335
912,128.02402335
913,128.02402335
914,128.02402335
915,128.02402335
916,128.02402335
917,128.02402335
918,128.02402335
919,128.02402335
920,128.02402335
921,128.02402335
922,128.02402335
923,128.02402335
924,128.02402335
925,128.02402335
926,128.02402335
927,128.02402335
928,128.02402335
929,128.02402335
930,128.02402335
931,128.02402335
932,128.02402335
933,128.02402335
934,128.02402335
935,128.02402335
936,128.02402335
937,128.02402335
938,128.02402335
939,128.02402335
940,128.02402335
941,128.03402335
942,128.03402335
943,128.03402335
944,128.03402335
945,128.03402335
946,128.03402335
947,128.03402335
948,128.03402335
949,128.03402335
950,128.03402335
951,128.03402335
952,128.03402335
953,128.03402335
954,128.03402335
955,128.03402335
956,128.03402335
957,128.03402335
958,128.03402335
959,128.03402335
960,128.03402335
961,128.03402335
962,128.03402335
963,128.03402335
964,128.03402335
965,128.03402335
966,128.03402335
967,128.03402335
968,128.03402335
969,128.03402335
970,128.03402335
971,128.03402335
972,128.03402335
973,128.03402335
974,128.03402335
975,128.03402335
976,128.03402335
977,128.03402335
978,128.03402335
979,128.03402335
980,128.03402335
981,128.03402335
982,128.03402335
983,128.03402335
984,128.03402335
985,128.03402335
986,128.03402335
987,128.03402335
988,128.03402335
989,128.03402335
990,128.03402335
991,128.03402335
992,128.03402335
993,128.04402335
994,128.04402335
995,128.04402335
996,128.04402335
997,128.04402335
998,128.04402335
999,128.04402335
1000,128.04402335
1001,128.04402335
1002,128.04402335
1003,128.04402335
1004,128.04402335
1005,128.04402335
1006,128.04402335
1007,128.04402335
1008,128.04402335
1009,128.04402335
1010,128.04402335
1011,128.04402335
1012,128.04402335
1013,128.04402335
1014,128.04402335
1015,128.04402335
1016,128.04402335
1017,128.04402335
1018,128.04402335
1019,128.04402335
1020,128.04402335
1021,128.04402335
1022,128.04402335
1023,128.04402335
1024,128.04402335
1025,128.04402335
1026,128.04402335
1027,128.04402335
1028,128.04402335
1029,128.04402335
1030,128.04402335
1031,128.04402335
1032,128.04402335
1033,128.04402335
1034,128.04402335
1035,128.04402335
1036,128.04402335
1037,128.04402335
1038,128.04402335
1039,128.04402335
1040,128.04402335
1041,128.04402335
1042,128.04402335
1043,128.04402335
1044,128.04402335
1045,128.05402335
1046,128.05402335
1047,128.05402335
1048,128.05402335
1049,128.05402335
1050,128.05402335
1051,128.05402335
1052,128.05402335
1053,128.05402335
1054,128.05402335
1055,128.05402335
1056,128.05402335
1057,128.05402335
1058,128.05402335
1059,128.05402335
1060,128.05402335
1061,128.05402335
1062,128.05402335
1063,128.05402335
1064,128.05402335
1065,128.05402335
1066,128.05402335
1067,128.05402335
1068,128.05402335
1069,128.05402335
1070,128.05402335
1071,128.05402335
1072,128.05402335
1073,128.05402335
1074,128.05402335
1075,128.05402335
1076,128.05402335
1077,128.05402335
1078,128.05402335
1079,128.05402335
1080,128.05402335
1081,128.05402335
1082,128.05402335
1083,128.05402335
1084,128.05402335
1085,128.05402335
1086,128.05402335
1087,128.05402335
1088,128.05402335
1089,128.05402335
1090,128.05402335
1091,128.05402335
1092,128.05402335
1093,128.05402335
1094,128.05402335
1095,128.05402335
1096,128.05402335
1097,128.06402335
1098,128.06402335
1099,128.06402335
1100,128.06402335
1101,128.06402335
1102,128.06402335
1103,128.06402335
1104,128.06402335
1105,128.06402335
1106,128.06402335
1107,128.06402335
1108,128.06402335
1109,128.06402335
1110,128.06402335
1111,128.06402335
1112,128.06402335
1113,128.06402335
1114,128.06402335
1115,128.06402335
1116,128.06402335
1117,128.06402335
1118,128.06402335
1119,128.06402335
1120,128.06402335
1121,128.06402335
1122,128.06402335
1123,128.06402335
1124,128.06402335
1125,128.06402335
1126,128.06402335
1127,128.06402335
1128,128.06402335
1129,128.06402335
1130,128.06402335
1131,128.06402335
1132,128.06402335
1133,128.06402335
1134,128.06402335
1135,128.06402335
1136,128.06402335
1137,128.06402335
1138,128.06402335
1139,128.06402335
1140,128.06402335
1141,128.06402335
1142,128.06402335
1143,128.06402335
1144,128.06402335
1145,128.06402335
1146,128.06402335
1147,128.06402335
1148,128.06402335
1149,128.07402335
1150,128.07402335
1151,128.07402335
1152,128.07402335
1153,128.07402335
1154,128.07402335
1155,128.07402335
1156,128.07402335
1157,128.07402335
1158,128.07402335
1159,128.07402335
1160,128.07402335
1161,128.07402335
1162,128.07402335
1163,128.07402335
1164,128.07402335
1165,128.07402335
1166,128.07402335
1167,128.07402335
1168,128.07402335
1169,128.07402335
1170,128.07402335
1171,128.07402335
1172,128.07402335
1173,128.07402335
1174,128.07402335
1175,128.07402335
1176,128.07402335
1177,128.07402335
1178,128.07402335
1179,128.07402335
1180,128.07402335
1181,128.07402335
1182,128.07402335
1183,128.07402335
1184,128.07402335
1185,128.07402335
1186,128.07402335
1187,128.07402335
1188,128.07402335
1189,128.07402335
1190,128.07402335
1191,128.07402335
1192,128.07402335
1193,128.07402335
1194,128.07402335
1195,128.07402335
1196,128.07402335
1197,128.07402335
1198,128.07402335
1199,128.07402335
1200,128.07402335
1201,128.08402335
1202,128.08402335
1203,128.08402335
1204,128.08402335
1205,128.08402335
1206,128.08402335
1207,128.08402335
1208,128.08402335
1209,128.08402335
1210,128.08402335
1211,128.08402335
1212,128.08402335
1213,128.08402335
1214,128.08402335
1215,128.08402335
1216,128.08402335
1217,128.08402335
1218,128.08402335
1219,128.08402335
1220,128.08402335
1221,128.08402335
1222,128.08402335
1223,128.08402335
1224,128.08402335
1225,128.08402335
1226,128.08402335
1227,128.08402335
1228,128.08402335
1229,128.08402335
1230,128.08402335
1231,128.08402335
1232,128.08402335
1233,128.08402335
1234,128.08402335
1235,128.08402335
1236,128.08402335
1237,128.08402335
1238,128.08402335
1239,128.08402335
1240,128.08402335
1241,128.08402335
1242,128.08402335
1243,128.08402335
1244,128.08402335
1245,128.08402335
1246,128.08402335
1247,128.08402335
1248,128.08402335
1249,128.08402335
1250,128.08402335
1251,128.08402335
1252,128.08402335
1253,128.09402335
1254,128.09402335
1255,128.09402335
1256,128.09402335
1257,128.09402335
1258,128.09402335
1259,128.09402335
1260,128.09402335
1261,128.09402335
1262,128.09402335
1263,128.09402335
1264,128.09402335
1265,128.09402335
1266,128.09402335
1267,128.09402335
1268,128.09402335
1269,128.09402335
1270,128.09402335
1271,128.09402335
1272,128.09402335
1273,128.09402335
1274,128.09402335
1275,128.09402335
1276,128.09402335
1277,128.09402335
1278,128.09402335
1279,128.09402335
1280,128.09402335
1281,128.09402335
1282,128.09402335
1283,128.09402335
1284,128.09402335
1285,128.09402335
1286,128.09402335
1287,128.09402335
1288,128.09402335
1289,128.09402335
1290,128.09402335
1291,128.09402335
1292,128.09402335
1293,128.09402335
1294,128.09402335
1295,128.09402335
1296,128.09402335
1297,128.09402335
1298,128.09402335
1299,128.09402335
1300,128.09402335
1301,128.09402335
1302,128.09402335
1303,128.09402335
1304,128.09402335
1305,128.10402335
1306,128.10402335
1307,128.10402335
1308,128.10402335
1309,128.10402335
1310,128.10402335
1311,128.10402335
1312,128.10402335
1313,128.10402335
1314,128.10402335
1315,128.10402335
1316,128.10402335
1317,128.10402335
1318,128.10402335
1319,128.10402335
1320,128.10402335
1321,128.10402335
1322,128.10402335
1323,128.10402335
1324,128.10402335
1325,128.10402335
1326,128.10402335
1327,128.10402335
1328,128.10402335
1329,128.10402335
1330,128.10402335
1331,128.10402335
1332,128.10402335
1333,128.10402335
1334,128.10402335
1335,128.10402335
1336,128.10402335
1337,128.10402335
1338,128.10402335
1339,128.10402335
1340,128.10402335
1341,128.10402335
1342,128.10402335
1343,128.10402335
1344,128.10402335
1345,128.10402335
1346,128.10402335
1347,128.10402335
1348,128.10402335
1349,128.10402335
1350,128.10402335
1351,128.10402335
1352,128.10402335
1353,128.10402335
1354,128.10402335
1355,128.10402335
1356,128.10402335
1357,128.11402335
1358,128.11402335
1359,128.11402335
1360,128.11402335
1361,128.11402335
1362,128.11402335
1363,128.11402335
1364,128.11402335
1365,128.11402335
1366,128.11402335
1367,128.11402335
1368,128.11402335
1369,128.11402335
1370,128.11402335
1371,128.11402335
1372,128.11402335
1373,128.11402335
1374,128.11402335
1375,128.11402335
1376,128.11402335
1377,128.11402335
1378,128.11402335
1379,128.11402335
1380,128.11402335
1381,128.11402335
1382,128.11402335
1383,128.11402335
1384,128.11402335
1385,128.11402335
1386,128.11402335
1387,128.11402335
1388,128.11402335
1389,128.11402335
1390,128.11402335
1391,128.11402335
1392,128.11402335
1393,128.11402335
1394,128.11402335
1395,128.11402335
1396,128.11402335
1397,128.11402335
1398,128.11402335
1399,128.11402335
1400,128.11402335
1401,128.11402335
1402,128.11402335
1403,128.11402335
1404,128.11402335
1405,128.11402335
1406,128.11402335
1407,128.11402335
1408,128.11402335
1409,128.12402335
1410,128.12402335
1411,128.12402335
1412,128.12402335
1413,128.12402335
1414,128.12402335
1415,128.12402335
1416,128.12402335
1417,128.12402335
1418,128.12402335
1419,128.12402335
1420,128.12402335
1421,128.12402335
1422,128.12402335
1423,128.12402335
1424,128.12402335
1425,128.12402335
1426,128.12402335
1427,128.12402335
1428,128.12402335
1429,128.12402335
1430,128.12402335
1431,128.12402335
1432,128.12402335
1433,128.12402335
1434,128.12402335
1435,128.12402335
1436,128.12402335
1437,128.12402335
1438,128.12402335
1439,128.12402335
1440,128.12402335
1441,128.12402335
1442,128.12402335
1443,128.12402335
1444,128.12402335
1445,128.12402335
1446,128.12402335
1447,128.12402335
1448,128.12402335
1449,128.12402335
1450,128.12402335
1451,128.12402335
1452,128.12402335
1453,128.12402335
1454,128.12402335
1455,128.12402335
1456,128.12402335
1457,128.12402335
1458,128.12402335
1459,128.12402335
1460,128.12402335
1461,128.13402335
1462,128.13402335
1463,128.13402335
1464,128.13402335
1465,128.13402335
1466,128.13402335
1467,128.13402335
1468,128.13402335
1469,128.13402335
1470,128.13402335
1471,128.13402335
1472,128.13402335
1473,128.13402335
1474,128.13402335
1475,128.13402335
1476,128.13402335
1477,128.13402335
1478,128.13402335
1479,128.13402335
1480,128.13402335
1481,128.13402335
1482,128.13402335
1483,128.13402335
1484,128.13402335
1485,128.13402335
1486,128.13402335
1487,128.13402335
1488,128.13402335
1489,128.13402335
1490,128.13402335
1491,128.13402335
1492,128.13402335
1493,128.13402335
1494,128.13402335
1495,128.13402335
1496,128.13402335
1497,128.13402335
1498,128.13402335
1499,128.13402335
1500,128.13402335
1501,128.13402335
1502,128.13402335
1503,128.13402335
1504,128.13402335
1505,128.13402335
1506,128.13402335
1507,128.13402335
1508,128.13402335
1509,128.13402335
1510,128.13402335
1511,128.13402335
1512,128.13402335
1513,128.14402335
1514,128.14402335
1515,128.14402335
1516,128.14402335
1517,128.14402335
1518,128.14402335
1519,128.14402335
1520,128.14402335
1521,128.14402335
1522,128.14402335
1523,128.14402335
1524,128.14402335
1525,128.14402335
1526,128.14402335
1527,128.14402335
1528,128.14402335
1529,128.14402335
1530,128.14402335
1531,128.14402335
1532,128.14402335
1533,128.14402335
1534,128.14402335
1535,128.14402335
1536,128.14402335
1537,128.14402335
1538,128.14402335
1539,128.14402335
1540,128.14402335
1541,128.14402335
1542,128.14402335
1543,128.14402335
1544,128.14402335
1545,128.14402335
1546,128.14402335
1547,128.14402335
1548,128.14402335
1549,128.14402335
1550,128.14402335
1551,128.14402335
1552,128.14402335
1553,128.14402335
1554,128.14402335
1555,128.14402335
1556,128.14402335
1557,128.14402335
1558,128.14402335
1559,128.14402335
1560,128.14402335
1561,128.14402335
1562,128.14402335
1563,128.14402335
1564,128.14402335
1565,128.15402335
1566,128.15402335
1567,128.15402335
1568,128.15402335
1569,128.15402335
1570,128.15402335
1571,128.15402335
1572,128.15402335
1573,128.15402335
1574,128.15402335
1575,128.15402335
1576,128.15402335
1577,128.15402335
1578,128.15402335
1579,128.15402335
1580,128.15402335
1581,128.15402335
1582,128.15402335
1583,128.15402335
1584,128.15402335
1585,128.15402335
1586,128.15402335
1587,128.15402335
1588,128.15402335
1589,128.15402335
1590,128.15402335
1591,128.15402335
1592,128.15402335
1593,128.15402335
1594,128.15402335
1595,128.15402335
1596,128.15402335
1597,128.15402335
1598,128.15402335
1599,128.15402335
1600,128.15402335
1601,128.15402335
1602,128.15402335
1603,128.15402335
1604,128.15402335
1605,128.15402335
1606,128.15402335
1607,128.15402335
1608,128.15402335
1609,128.15402335
1610,128.15402335
1611,128.15402335
1612,128.15402335
1613,128.15402335
1614,128.15402335
1615,128.15402335
1616,128.15402335
1617,128.16402335
1618,128.16402335
1619,128.16402335
1620,128.16402335
1621,128.16402335
1622,128.16402335
1623,128.16402335
1624,128.16402335
1625,128.16402335
1626,128.16402335
1627,128.16402335
1628,128.16402335
1629,128.16402335
1630,128.16402335
1631,128.16402335
1632,128.16402335
1633,128.16402335
1634,128.16402335
1635,128.16402335
1636,128.16402335
1637,128.16402335
1638,128.16402335
1639,128.16402335
1640,128.16402335
1641,128.16402335
1642,128.16402335
1643,128.16402335
1644,128.16402335
1645,128.16402335
1646,128.16402335
1647,128.16402335
1648,128.16402335
1649,128.16402335
1650,128.16402335
1651,128.16402335
1652,128.16402335
1653,128.16402335
1654,128.16402335
1655,128.16402335
1656,128.16402335
1657,128.16402335
1658,128.16402335
1659,128.16402335
1660,128.16402335
1661,128.16402335
1662,128.16402335
1663,128.16402335
1664,128.16402335
1665,128.16402335
1666,128.16402335
1667,128.16402335
1668,128.16402335
1669,128.17402335
1670,128.17402335
1671,128.17402335
1672,128.17402335
1673,128.17402335
1674,128.17402335
1675,128.17402335
1676,128.17402335
1677,128.17402335
1678,128.17402335
1679,128.17402335
1680,128.17402335
1681,128.17402335
1682,128.17402335
1683,128.17402335
1684,128.17402335
1685,128.17402335
1686,128.17402335
1687,128.17402335
1688,128.17402335
1689,128.17402335
1690,128.17402335
1691,128.17402335
1692,128.17402335
1693,128.17402335
1694,128.17402335
1695,128.17402335
1696,128.17402335
1697,128.17402335
1698,128.17402335
1699,128.17402335
1700,128.17402335
1701,128.17402335
1702,128.17402335
1703,128.17402335
1704,128.17402335
1705,128.17402335
1706,128.17402335
1707,128.17402335
1708,128.17402335
1709,128.17402335
1710,128.17402335
1711,128.17402335
1712,128.17402335
1713,128.17402335
1714,128.17402335
1715,128.17402335
1716,128.17402335
1717,128.17402335
1718,128.17402335
1719,128.17402335
1720,128.17402335
1721,128.18402335
1722,128.18402335
1723,128.18402335
1724,128.18402335
1725,128.18402335
1726,128.18402335
1727,128.18402335
1728,128.18402335
1729,128.18402335
1730,128.18402335
1731,128.18402335
1732,128.18402335
1733,128.18402335
1734,128.18402335
1735,128.18402335
1736,128.18402335
1737,128.18402335
1738,128.18402335
1739,128.18402335
1740,128.18402335
1741,128.18402335
1742,128.18402335
1743,128.18402335
1744,128.18402335
1745,128.18402335
1746,128.18402335
1747,128.18402335
1748,128.18402335
1749,128.18402335
1750,128.18402335
1751,128.18402335
1752,128.18402335
1753,128.18402335
1754,128.18402335
1755,128.18402335
1756,128.18402335
1757,128.18402335
1758,128.18402335
1759,128.18402335
1760,128.18402335
1761,128.18402335
1762,128.18402335
1763,128.18402335
1764,128.18402335
1765,128.18402335
1766,128.18402335
1767,128.18402335
1768,128.18402335
1769,128.18402335
1770,128.18402335
1771,128.18402335
1772,128.18402335
1773,128.19402335
1774,128.19402335
1775,128.19402335
1776,128.19402335
1777,128.19402335
1778,128.19402335
1779,128.19402335
1780,128.19402335
1781,128.19402335
1782,128.19402335
1783,128.19402335
1784,128.19402335
1785,128.19402335
1786,128.19402335
1787,128.19402335
1788,128.19402335
1789,128.19402335
1790,128.19402335
1791,128.19402335
1792,128.19402335
1793,128.19402335
1794,128.19402335
1795,128.19402335
1796,128.19402335
1797,128.19402335
1798,128.19402335
1799,128.19402335
1800,128.19402335
1801,128.19402335
1802,128.19402335
1803,128.19402335
1804,128.19402335
1805,128.19402335
1806,128.19402335
1807,128.19402335
1808,128.19402335
1809,128.19402335
1810,128.19402335
1811,128.19402335
1812,128.19402335
1813,128.19402335
1814,128.19402335
1815,128.19402335
1816,128.19402335
1817,128.19402335
1818,128.19402335
1819,128.19402335
1820,128.19402335
1821,128.19402335
1822,128.19402335
1823,128.19402335
1824,128.19402335
1825,128.20402335
1826,128.20402335
1827,128.20402335
1828,128.20402335
1829,128.20402335
1830,128.20402335
1831,128.20402335
1832,128.20402335
1833,128.20402335
1834,128.20402335
1835,128.20402335
1836,128.20402335
1837,128.20402335
1838,128.20402335
1839,128.20402335
1840,128.20402335
1841,128.20402335
1842,128.20402335
1843,128.20402335
1844,128.20402335
1845,128.20402335
1846,128.20402335
1847,128.20402335
1848,128.20402335
1849,128.20402335
1850,128.20402335
1851,128.20402335
1852,128.20402335
1853,128.20402335
1854,128.20402335
1855,128.20402335
1856,128.20402335
1857,128.20402335
1858,128.20402335
1859,128.20402335
1860,128.20402335
1861,128.20402335
1862,128.20402335
1863,128.20402335
1864,128.20402335
1865,128.20402335
1866,128.20402335
1867,128.20402335
1868,128.20402335
1869,128.20402335
1870,128.20402335
1871,128.20402335
1872,128.20402335
1873,128.20402335
1874,128.20402335
1875,128.20402335
1876,128.20402335
1877,128.21402335
1878,128.21402335
1879,128.21402335
1880,128.21402335
1881,128.21402335
1882,128.21402335
1883,128.21402335
1884,128.21402335
1885,128.21402335
1886,128.21402335
1887,128.21402335
1888,128.21402335
1889,128.21402335
1890,128.21402335
1891,128.21402335
1892,128.21402335
1893,128.21402335
1894,128.21402335
1895,128.21402335
1896,128.21402335
1897,128.21402335
1898,128.21402335
1899,128.21402335
1900,128.21402335
1901,128.21402335
1902,128.21402335
1903,128.21402335
1904,128.21402335
1905,128.21402335
1906,128.21402335
1907,128.21402335
1908,128.21402335
1909,128.21402335
1910,128.21402335
1911,128.21402335
1912,128.21402335
1913,128.21402335
1914,128.21402335
1915,128.21402335
1916,128.21402335
1917,128.21402335
1918,128.21402335
1919,128.21402335
1920,128.21402335
1921,128.21402335
1922,128.21402335
1923,128.21402335
1924,128.21402335
1925,128.21402335
1926,128.21402335
1927,128.21402335
1928,128.21402335
1929,128.22402335
1930,128.22402335
1931,128.22402335
1932,128.22402335
1933,128.22402335
1934,128.22402335
1935,128.22402335
1936,128.22402335
1937,128.22402335
1938,128.22402335
1939,128.22402335
1940,128.22402335
1941,128.22402335
1942,128.22402335
1943,128.22402335
1944,128.22402335
1945,128.22402335
1946,128.22402335
1947,128.22402335
1948,128.22402335
1949,128.22402335
1950,128.22402335
1951,128.22402335
1952,128.22402335
1953,128.22402335
1954,128.22402335
1955,128.22402335
1956,128.22402335
1957,128.22402335
1958,128.22402335
1959,128.22402335
1960,128.22402335
1961,128.22402335
1962,128.22402335
1963,128.22402335
1964,128.22402335
1965,128.22402335
1966,128.22402335
1967,128.22402335
1968,128.22402335
1969,128.22402335
1970,128.22402335
1971,128.22402335
1972,128.22402335
1973,128.22402335
1974,128.22402335
1975,128.22402335
1976,128.22402335
1977,128.22402335
1978,128.22402335
1979,128.22402335
1980,128.22402335
1981,128.23402335
1982,128.23402335
1983,128.23402335
1984,128.23402335
1985,128.23402335
1986,128.23402335
1987,128.23402335
1988,128.23402335
1989,128.23402335
1990,128.23402335
1991,128.23402335
1992,128.23402335
1993,128.23402335
1994,128.23402335
1995,128.23402335
1996,128.23402335
1997,128.23402335
1998,128.23402335
1999,128.23402335
2000,128.23402335
2001,128.23402335
2002,128.23402335
2003,128.23402335
2004,128.23402335
2005,128.23402335
2006,128.23402335
2007,128.23402335
2008,128.23402335
2009,128.23402335
2010,128.23402335
2011,128.23402335
2012,128.23402335
2013,128.23402335
2014,128.23402335
2015,128.23402335
2016,128.23402335
2017,128.23402335
2018,128.23402335
2019,128.23402335
2020,128.23402335
2021,128.23402335
2022,128.23402335
2023,128.23402335
2024,128.23402335
2025,128.23402335
2026,128.23402335
2027,128.23402335
2028,128.23402335
2029,128.23402335
2030,128.23402335
2031,128.23402335
2032,128.23402335
2033,128.24402335
2034,128.24402335
2035,128.24402335
2036,128.24402335
2037,128.24402335
2038,128.24402335
2039,128.24402335
2040,128.24402335
2041,128.24402335
2042,128.24402335
2043,128.24402335
2044,128.24402335
2045,128.24402335
2046,128.24402335
2047,128.24402335
2048,128.24402335
2049,128.24402335
2050,128.24402335
2051,128.24402335
2052,128.24402335
2053,128.24402335
2054,128.24402335
2055,128.24402335
2056,128.24402335
2057,128.24402335
2058,128.24402335
2059,128.24402335
2060,128.24402335
2061,128.24402335
2062,128.24402335
2063,128.24402335
2064,128.24402335
2065,128.24402335
2066,128.24402335
2067,128.24402335
2068,128.24402335
2069,128.24402335
2070,128.24402335
2071,128.24402335
2072,128.24402335
2073,128.24402335
2074,128.24402335
2075,128.24402335
2076,128.24402335
2077,128.24402335
2078,128.24402335
2079,128.24402335
2080,128.24402335
2081,128.24402335
2082,128.24402335
2083,128.24402335
2084,128.24402335
2085,128.25402335
2086,128.25402335
2087,128.25402335
2088,128.25402335
2089,128.25402335
2090,128.25402335
2091,128.25402335
2092,128.25402335
2093,128.25402335
2094,128.25402335
2095,128.25402335
2096,128.25402335
2097,128.25402335
2098,128.25402335
2099,128.25402335
2100,128.25402335
2101,128.25402335
2102,128.25402335
2103,128.25402335
2104,128.25402335
2105,128.25402335
2106,128.25402335
2107,128.25402335
2108,128.25402335
2109,128.25402335
2110,128.25402335
2111,128.25402335
2112,128.25402335
2113,128.25402335
2114,128.25402335
2115,128.25402335
2116,128.25402335
2117,128.25402335
2118,128.25402335
2119,128.25402335
2120,128.25402335
2121,128.25402335
2122,128.25402335
2123,128.25402335
2124,128.25402335
2125,128.25402335
2126,128.25402335
2127,128.25402335
2128,128.25402335
2129,128.25402335
2130,128.25402335
2131,128.25402335
2132,128.25402335
2133,128.25402335
2134,128.25402335
2135,128.25402335
2136,128.25402335
2137,128.26402335
2138,128.26402335
2139,128.26402335
2140,128.26402335
2141,128.26402335
2142,128.26402335
2143,128.26402335
2144,128.26402335
2145,128.26402335
2146,128.26402335
2147,128.26402335
2148,128.26402335
2149,128.26402335
2150,128.26402335
2151,128.26402335
2152,128.26402335
2153,128.26402335
2154,128.26402335
2155,128.26402335
2156,128.26402335
2157,128.26402335
2158,128.26402335
2159,128.26402335
2160,128.26402335
2161,128.26402335
2162,128.26402335
2163,128.26402335
2164,128.26402335
2165,128.26402335
2166,128.26402335
2167,128.26402335
2168,128.26402335
2169,128.26402335
2170,128.26402335
2171,128.26402335
2172,128.26402335
2173,128.26402335
2174,128.26402335
2175,128.26402335
2176,128.26402335
2177,128.26402335
2178,128.26402335
2179,128.26402335
2180,128.26402335
2181,128.26402335
2182,128.26402335
2183,128.26402335
2184,128.26402335
2185,128.26402335
2186,128.26402335
2187,128.26402335
2188,128.26402335
2189,128.27402335
2190,128.27402335
2191,128.27402335
2192,128.27402335
2193,128.27402335
2194,128.27402335
2195,128.27402335
2196,128.27402335
2197,128.27402335
2198,128.27402335
2199,128.27402335
2200,128.27402335
2201,128.27402335
2202,128.27402335
2203,128.27402335
2204,128.27402335
2205,128.27402335
2206,128.27402335
2207,128.27402335
2208,128.27402335
2209,128.27402335
2210,128.27402335
2211,128.27402335
2212,128.27402335
2213,128.27402335
2214,128.27402335
2215,128.27402335
2216,128.27402335
2217,128.27402335
2218,128.27402335
2219,128.27402335
2220,128.27402335
2221,128.27402335
2222,128.27402335
2223,128.27402335
2224,128.27402335
2225,128.27402335
2226,128.27402335
2227,128.27402335
2228,128.27402335
2229,128.27402335
2230,128.27402335
2231,128.27402335
2232,128.27402335
2233,128.27402335
2234,128.27402335
2235,128.27402335
2236,128.27402335
2237,128.27402335
2238,128.27402335
2239,128.27402335
2240,128.28402335
2241,128.28402335
2242,128.28402335
2243,128.28402335
2244,128.28402335
2245,128.28402335
2246,128.28402335
2247,128.28402335
2248,128.28402335
2249,128.28402335
2250,128.28402335
2251,128.28402335
2252,128.28402335
2253,128.28402335
2254,128.28402335
2255,128.28402335
2256,128.28402335
2257,128.28402335
2258,128.28402335
2259,128.28402335
2260,128.28402335
2261,128.28402335
2262,128.28402335
2263,128.28402335
2264,128.28402335
2265,128.28402335
2266,128.28402335
2267,128.28402335
2268,128.28402335
2269,128.28402335
2270,128.28402335
2271,128.28402335
2272,128.28402335
2273,128.28402335
2274,128.28402335
2275,128.28402335
2276,128.28402335
2277,128.28402335
2278,128.28402335
2279,128.28402335
2280,128.28402335
2281,128.28402335
2282,128.28402335
2283,128.28402335
2284,128.28402335
2285,128.28402335
2286,128.28402335
2287,128.28402335
2288,128.28402335
2289,128.28402335
2290,128.28402335
2291,128.29402335
2292,128.29402335
2293,128.29402335
2294,128.29402335
2295,128.29402335
2296,128.29402335
2297,128.29402335
2298,128.29402335
2299,128.29402335
2300,128.29402335
2301,128.29402335
2302,128.29402335
2303,128.29402335
2304,128.29402335
2305,128.29402335
2306,128.29402335
2307,128.29402335
2308,128.29402335
2309,128.29402335
2310,128.29402335
2311,128.29402335
2312,128.29402335
2313,128.29402335
2314,128.29402335
2315,128.29402335
2316,128.29402335
2317,128.29402335
2318,128.29402335
2319,128.29402335
2320,128.29402335
2321,128.29402335
2322,128.29402335
2323,128.29402335
2324,128.29402335
2325,128.29402335
2326,128.29402335
2327,128.29402335
2328,128.29402335
2329,128.29402335
2330,128.29402335
2331,128.29402335
2332,128.29402335
2333,128.29402335
2334,128.29402335
2335,128.29402335
2336,128.29402335
2337,128.29402335
2338,128.29402335
2339,128.29402335
2340,128.29402335
2341,128.29402335
2342,128.30402335
2343,128.30402335
2344,128.30402335
2345,128.30402335
2346,128.30402335
2347,128.30402335
2348,128.30402335
2349,128.30402335
2350,128.30402335
2351,128.30402335
2352,128.30402335
2353,128.30402335
2354,128.30402335
2355,128.30402335
2356,128.30402335
2357,128.30402335
2358,128.30402335
2359,128.30402335
2360,128.30402335
2361,128.30402335
2362,128.30402335
2363,128.30402335
2364,128.30402335
2365,128.30402335
2366,128.30402335
2367,128.30402335
2368,128.30402335
2369,128.30402335
2370,128.30402335
2371,128.30402335
2372,128.30402335
2373,128.30402335
2374,128.30402335
2375,128.30402335
2376,128.30402335
2377,128.30402335
2378,128.30402335
2379,128.30402335
2380,128.30402335
2381,128.30402335
2382,128.30402335
2383,128.30402335
2384,128.30402335
2385,128.30402335
2386,128.30402335
2387,128.30402335
2388,128.30402335
2389,128.30402335
2390,128.30402335
2391,128.30402335
2392,128.30402335
2393,128.31402335
2394,128.31402335
2395,128.31402335
2396,128.31402335
2397,128.31402335
2398,128.31402335
2399,128.31402335
2400,128.31402335
2401,128.31402335
2402,128.31402335
2403,128.31402335
2404,128.31402335
2405,128.31402335
2406,128.31402335
2407,128.31402335
2408,128.31402335
2409,128.31402335
2410,128.31402335
2411,128.31402335
2412,128.31402335
2413,128.31402335
2414,128.31402335
2415,128.31402335
2416,128.31402335
2417,128.31402335
2418,128.31402335
2419,128.31402335
2420,128.31402335
2421,128.31402335
2422,128.31402335
2423,128.31402335
2424,128.31402335
2425,128.31402335
2426,128.31402335
2427,128.31402335
2428,128.31402335
2429,128.31402335
2430,128.31402335
2431,128.31402335
2432,128.31402335
2433,128.31402335
2434,128.31402335
2435,128.31402335
2436,128.31402335
2437,128.31402335
2438,128.31402335
2439,128.31402335
2440,128.31402335
2441,128.31402335
2442,128.31402335
2443,128.31402335
2444,128.32402335
2445,128.32402335
2446,128.32402335
2447,128.32402335
2448,128.32402335
2449,128.32402335
2450,128.32402335
2451,128.32402335
2452,128.32402335
2453,128.32402335
2454,128.32402335
2455,128.32402335
2456,128.32402335
2457,128.32402335
2458,128.32402335
2459,128.32402335
2460,128.32402335
2461,128.32402335
2462,128.32402335
2463,128.32402335
2464,128.32402335
2465,128.32402335
2466,128.32402335
2467,128.32402335
2468,128.32402335
2469,128.32402335
2470,128.32402335
2471,128.32402335
2472,128.32402335
2473,128.32402335
2474,128.32402335
2475,128.32402335
2476,128.32402335
2477,128.32402335
2478,128.32402335
2479,128.32402335
2480,128.32402335
2481,128.32402335
2482,128.32402335
2483,128.32402335
2484,128.32402335
2485,128.32402335
2486,128.32402335
2487,128.32402335
2488,128.32402335
2489,128.32402335
2490,128.32402335
2491,128.32402335
2492,128.32402335
2493,128.32402335
2494,128.32402335
2495,128.33402335
2496,128.33402335
2497,128.33402335
2498,128.33402335
2499,128.33402335
2500,128.33402335
2501,128.33402335
2502,128.33402335
2503,128.33402335
2504,128.33402335
2505,128.33402335
2506,128.33402335
2507,128.33402335
2508,128.33402335
2509,128.33402335
2510,128.33402335
2511,128.33402335
2512,128.33402335
2513,128.33402335
2514,128.33402335
2515,128.33402335
2516,128.33402335
2517,128.33402335
2518,128.33402335
2519,128.33402335
2520,128.33402335
2521,128.33402335
2522,128.33402335
2523,128.33402335
2524,128.33402335
2525,128.33402335
2526,128.33402335
2527,128.33402335
2528,128.33402335
2529,128.33402335
2530,128.33402335
2531,128.33402335
2532,128.33402335
2533,128.33402335
2534,128.33402335
2535,128.33402335
2536,128.33402335
2537,128.33402335
2538,128.33402335
2539,128.33402335
2540,128.33402335
2541,128.33402335
2542,128.33402335
2543,128.33402335
2544,128.33402335
2545,128.34402335
2546,128.34402335
2547,128.34402335
2548,128.34402335
2549,128.34402335
2550,128.34402335
2551,128.34402335
2552,128.34402335
2553,128.34402335
2554,128.34402335
2555,128.34402335
2556,128.34402335
2557,128.34402335
2558,128.34402335
2559,128.34402335
2560,128.34402335
2561,128.34402335
2562,128.34402335
2563,128.34402335
2564,128.34402335
2565,128.34402335
2566,128.34402335
2567,128.34402335
2568,128.34402335
2569,128.34402335
2570,128.34402335
2571,128.34402335
2572,128.34402335
2573,128.34402335
2574,128.34402335
2575,128.34402335
2576,128.34402335
2577,128.34402335
2578,128.34402335
2579,128.34402335
2580,128.34402335
2581,128.34402335
2582,128.34402335
2583,128.34402335
2584,128.34402335
2585,128.34402335
2586,128.34402335
2587,128.34402335
2588,128.34402335
2589,128.34402335
2590,128.34402335
2591,128.34402335
2592,128.34402335
2593,128.35402335
2594,128.35402335
2595,128.35402335
2596,128.35402335
2597,128.35402335
2598,128.35402335
2599,128.35402335
2600,128.35402335
2601,128.35402335
2602,128.35402335
2603,128.35402335
2604,128.35402335
2605,128.35402335
2606,128.35402335
2607,128.35402335
2608,128.35402335
2609,128.35402335
2610,128.35402335
2611,128.35402335
2612,128.35402335
2613,128.35402335
2614,128.35402335
2615,128.35402335
2616,128.35402335
2617,128.35402335
2618,128.35402335
2619,128.35402335
2620,128.35402335
2621,128.35402335
2622,128.35402335
2623,128.35402335
2624,128.35402335
2625,128.35402335
2626,128.35402335
2627,128.35402335
2628,128.35402335
2629,128.35402335
2630,128.35402335
2631,128.35402335
2632,128.35402335
2633,128.35402335
2634,128.35402335
2635,128.35402335
2636,128.35402335
2637,128.35402335
2638,128.35402335
2639,128.35402335
2640,128.36402335
2641,128.36402335
2642,128.36402335
2643,128.36402335
2644,128.36402335
2645,128.36402335
2646,128.36402335
2647,128.36402335
2648,128.36402335
2649,128.36402335
2650,128.36402335
2651,128.36402335
2652,128.36402335
2653,128.36402335
2654,128.36402335
2655,128.36402335
2656,128.36402335
2657,128.36402335
2658,128.36402335
2659,128.36402335
2660,128.36402335
2661,128.36402335
2662,128.36402335
2663,128.36402335
2664,128.36402335
2665,128.36402335
2666,128.36402335
2667,128.36402335
2668,128.36402335
2669,128.36402335
2670,128.36402335
2671,128.36402335
2672,128.36402335
2673,128.36402335
2674,128.36402335
2675,128.36402335
2676,128.36402335
2677,128.36402335
2678,128.36402335
2679,128.36402335
2680,128.36402335
2681,128.36402335
2682,128.36402335
2683,128.36402335
2684,128.36402335
2685,128.36402335
2686,128.37402335
2687,128.37402335
2688,128.37402335
2689,128.37402335
2690,128.37402335
2691,128.37402335
2692,128.37402335
2693,128.37402335
2694,128.37402335
2695,128.37402335
2696,128.37402335
2697,128.37402335
2698,128.37402335
2699,128.37402335
2700,128.37402335
2701,128.37402335
2702,128.37402335
2703,128.37402335
2704,128.37402335
2705,128.37402335
2706,128.37402335
2707,128.37402335
2708,128.37402335
2709,128.37402335
2710,128.37402335
2711,128.37402335
2712,128.37402335
2713,128.37402335
2714,128.37402335
2715,128.37402335
2716,128.37402335
2717,128.37402335
2718,128.37402335
2719,128.37402335
2720,128.37402335
2721,128.37402335
2722,128.37402335
2723,128.37402335
2724,128.37402335
2725,128.37402335
2726,128.37402335
2727,128.37402335
2728,128.37402335
2729,128.38402335
2730,128.38402335
2731,128.38402335
2732,128.38402335
2733,128.38402335
2734,128.38402335
2735,128.38402335
2736,128.38402335
2737,128.38402335
2738,128.38402335
2739,128.38402335
2740,128.38402335
2741,128.38402335
2742,128.38402335
2743,128.38402335
2744,128.38402335
2745,128.38402335
2746,128.38402335
2747,128.38402335
2748,128.38402335
2749,128.38402335
2750,128.38402335
2751,128.38402335
2752,128.38402335
2753,128.38402335
2754,128.38402335
2755,128.38402335
2756,128.38402335
2757,128.38402335
2758,128.38402335
2759,128.38402335
2760,128.38402335
2761,128.38402335
2762,128.38402335
2763,128.38402335
2764,128.38402335
2765,128.38402335
2766,128.38402335
2767,128.38402335
2768,128.38402335
2769,128.38402335
2770,128.39402335
2771,128.39402335
2772,128.39402335
2773,128.39402335
2774,128.39402335
2775,128.39402335
2776,128.39402335
2777,128.39402335
2778,128.39402335
2779,128.39402335
2780,128.39402335
2781,128.39402335
2782,128.39402335
2783,128.39402335
2784,128.39402335
2785,128.39402335
2786,128.39402335
2787,128.39402335
2788,128.39402335
2789,128.39402335
2790,128.39402335
2791,128.39402335
2792,128.39402335
2793,128.39402335
2794,128.39402335
2795,128.39402335
2796,128.39402335
2797,128.39402335
2798,128.39402335
2799,128.39402335
2800,128.39402335
2801,128.39402335
2802,128.39402335
2803,128.39402335
2804,128.39402335
2805,128.39402335
2806,128.39402335
2807,128.39402335
2808,128.39402335
2809,128.40402335
2810,128.40402335
2811,128.40402335
2812,128.40402335
2813,128.40402335
2814,128.40402335
2815,128.40402335
2816,128.40402335
2817,128.40402335
2818,128.40402335
2819,128.40402335
2820,128.40402335
2821,128.40402335
2822,128.40402335
2823,128.40402335
2824,128.40402335
2825,128.40402335
2826,128.40402335
2827,128.40402335
2828,128.40402335
2829,128.40402335
2830,128.40402335
2831,128.40402335
2832,128.40402335
2833,128.40402335
2834,128.40402335
2835,128.40402335
2836,128.40402335
2837,128.40402335
2838,128.40402335
2839,128.40402335
2840,128.40402335
2841,128.40402335
2842,128.40402335
2843,128.40402335
2844,128.40402335
2845,128.41402335
2846,128.41402335
2847,128.41402335
2848,128.41402335
2849,128.41402335
2850,128.41402335
2851,128.41402335
2852,128.41402335
2853,128.41402335
2854,128.41402335
2855,128.41402335
2856,128.41402335
2857,128.41402335
2858,128.41402335
2859,128.41402335
2860,128.41402335
2861,128.41402335
2862,128.41402335
2863,128.41402335
2864,128.41402335
2865,128.41402335
2866,128.41402335
2867,128.41402335
2868,128.41402335
2869,128.41402335
2870,128.41402335
2871,128.41402335
2872,128.41402335
2873,128.41402335
2874,128.41402335
2875,128.41402335
2876,128.41402335
2877,128.41402335
2878,128.42402335
2879,128.42402335
2880,128.42402335
2881,128.42402335
2882,128.42402335
2883,128.42402335
2884,128.42402335
2885,128.42402335
2886,128.42402335
2887,128.42402335
2888,128.42402335
2889,128.42402335
2890,128.42402335
2891,128.42402335
2892,128.42402335
2893,128.42402335
2894,128.42402335
2895,128.42402335
2896,128.42402335
2897,128.42402335
2898,128.42402335
2899,128.42402335
2900,128.42402335
2901,128.42402335
2902,128.42402335
2903,128.42402335
2904,128.42402335
2905,128.42402335
2906,128.42402335
2907,128.42402335
2908,128.42402335
2909,128.43402335
2910,128.43402335
2911,128.43402335
2912,128.43402335
2913,128.43402335
2914,128.43402335
2915,128.43402335
2916,128.43402335
2917,128.43402335
2918,128.43402335
2919,128.43402335
2920,128.43402335
2921,128.43402335
2922,128.43402335
2923,128.43402335
2924,128.43402335
2925,128.43402335
2926,128.43402335
2927,128.43402335
2928,128.43402335
2929,128.43402335
2930,128.43402335
2931,128.43402335
2932,128.43402335
2933,128.43402335
2934,128.43402335
2935,128.43402335
2936,128.43402335
2937,128.43402335
2938,128.44402335
2939,128.44402335
2940,128.44402335
2941,128.44402335
2942,128.44402335
2943,128.44402335
2944,128.44402335
2945,128.44402335
2946,128.44402335
2947,128.44402335
2948,128.44402335
2949,128.44402335
2950,128.44402335
2951,128.44402335
2952,128.44402335
2953,128.44402335
2954,128.44402335
2955,128.44402335
2956,128.44402335
2957,128.44402335
2958,128.44402335
2959,128.44402335
2960,128.44402335
2961,128.44402335
2962,128.44402335
2963,128.44402335
2964,128.45402335
2965,128.45402335
2966,128.45402335
2967,128.45402335
2968,128.45402335
2969,128.45402335
2970,128.45402335
2971,128.45402335
2972,128.45402335
2973,128.45402335
2974,128.45402335
2975,128.45402335
2976,128.45402335
2977,128.45402335
2978,128.45402335
2979,128.45402335
2980,128.45402335
2981,128.45402335
2982,128.45402335
2983,128.45402335
2984,128.45402335
2985,128.45402335
2986,128.45402335
2987,128.45402335
2988,128.46402335
2989,128.46402335
2990,128.46402335
2991,128.46402335
2992,128.46402335
2993,128.46402335
2994,128.46402335
2995,128.46402335
2996,128.46402335
2997,128.46402335
2998,128.46402335
2999,128.46402335
3000,128.46402335
3001,128.46402335
3002,128.46402335
3003,128.46402335
3004,128.46402335
3005,128.46402335
3006,128.46402335
3007,128.46402335
3008,128.46402335
3009,128.47402335
3010,128.47402335
3011,128.47402335
3012,128.47402335
3013,128.47402335
3014,128.47402335
3015,128.47402335
3016,128.47402335
3017,128.47402335
3018,128.47402335
3019,128.47402335
3020,128.47402335
3021,128.47402335
3022,128.47402335
3023,128.47402335
3024,128.47402335
3025,128.47402335
3026,128.47402335
3027,128.47402335
3028,128.48402335
3029,128.48402335
3030,128.48402335
3031,128.48402335
3032,128.48402335
3033,128.48402335
3034,128.48402335
3035,128.48402335
3036,128.48402335
3037,128.48402335
3038,128.48402335
3039,128.48402335
3040,128.48402335
3041,128.48402335
3042,128.48402335
3043,128.48402335
3044,128.49402335
3045,128.49402335
3046,128.49402335
3047,128.49402335
3048,128.49402335
3049,128.49402335
3050,128.49402335
3051,128.49402335
3052,128.49402335
3053,128.49402335
3054,128.49402335
3055,128.49402335
3056,128.49402335
3057,128.49402335
3058,128.50402335
3059,128.50402335
3060,128.50402335
3061,128.50402335
3062,128.50402335
3063,128.50402335
3064,128.50402335
3065,128.50402335
3066,128.50402335
3067,128.50402335
3068,128.50402335
3069,128.50402335
3070,128.51402335
3071,128.51402335
3072,128.51402335
3073,128.51402335
3074,128.51402335
3075,128.51402335
3076,128.51402335
3077,128.51402335
3078,128.52402335
3079,128.52402335
3080,128.52402335
3081,128.52402335
3082,128.52402335
3083,128.52402335
3084,128.53402335
3085,128.53402335
3086,128.53402335
3087,128.53402335
3088,128.54402335
3089,128.54402335
